date,stocks,count
2015-10-30,"ASHOKLEY, AUROPHARMA, BAJFINANCE, BEL, BIOCON, BPCL, CIPLA, COFORGE, DRREDDY, HDFCBANK, IDBI, INDUSINDBK, INFY, INTELLECT, IOC, PRAJIND, RAJESHEXPO, RELIANCE, ZEEL, ZYDUSLIFE",20
2015-11-30,"ASHOKLEY, AUROPHARMA, BAJFINANCE, BEL, BIOCON, BPCL, CGPOWER, COFORGE, HAVELLS, HFCL, IDBI, INTELLECT, IOC, LTFOODS, M&M, MARICO, MARUTI, NBCC, PETRONET, RADICO, TITAGARH, WELCORP, ZEEL",23
2015-12-31,"APLAPOLLO, AUROPHARMA, BAJFINANCE, BEL, BIOCON, CGPOWER, HAVELLS, HFCL, IDBI, INDHOTEL, INDUSTOWER, INTELLECT, IOC, JSWSTEEL, LICHSGFIN, MANINFRA, MARICO, NETWORK18, PETRONET, PRAJIND, RCOM, RELIANCE, SJVN, TATAELXSI, VOLTAS, ZEEL",26
2016-01-29,"AUROPHARMA, BAJFINANCE, HFCL, JSWSTEEL, MARICO, PETRONET, PRAJIND, RELIANCE, TATAELXSI, TORNTPOWER, TVSMOTOR, ZEEL",12
2016-02-29,"JSWSTEEL, MARICO",2
2016-03-31,"ADANIPOWER, ASHOKLEY, ASIANPAINT, BAJFINANCE, BEL, BSOFT, GODREJCP, HAVELLS, HINDZINC, INDUSINDBK, INFY, INTELLECT, ITC, JSWSTEEL, LICHSGFIN, MANAPPURAM, MARICO, NHPC, PETRONET, RELIANCE, RPOWER, SHRIRAMFIN, TORNTPOWER, TVSMOTOR",24
2016-04-29,"ASHOKLEY, BAJFINANCE, BIOCON, BSOFT, DELTACORP, DLF, HAVELLS, HFCL, INDUSINDBK, INFY, JSWSTEEL, MANAPPURAM, MARICO, NATIONALUM, PETRONET, RPOWER, TATAELXSI, TATASTEEL, TVSMOTOR, YESBANK, ZEEL",21
2016-05-31,"ASHOKLEY, BAJFINANCE, BIOCON, BSOFT, HAVELLS, HDFCBANK, HINDZINC, INDUSINDBK, INFY, JSWSTEEL, KOTAKBANK, MANAPPURAM, NHPC, PETRONET, PIDILITIND, RPOWER, SHRIRAMFIN, TATAMOTORS, TATASTEEL, TITAN, VGUARD, YESBANK",22
2016-06-30,"ADANIENT, ADANIPOWER, AMBUJACEM, ANANTRAJ, AXISBANK, BAJAJFINSV, BAJFINANCE, BEL, BIOCON, BPCL, BSOFT, CENTRALBK, CESC, CGPOWER, CHOLAFIN, DABUR, DELTACORP, DLF, EXIDEIND, GAIL, GMRINFRA, HAVELLS, HDFCBANK, HFCL, HINDALCO, HINDUNILVR, IOC, ITC, JSWENERGY, JSWSTEEL, KOTAKBANK, LICHSGFIN, M&M, MANAPPURAM, MANINFRA, NHPC, NTPC, PETRONET, POWERGRID, PTC, RCF, RPOWER, SHRIRAMFIN, TATAMOTORS, TATAPOWER, TITAN, TVSMOTOR, VEDL, VOLTAS, YESBANK, ZEEL",51
2016-07-29,"ADANIENSOL, ADANITRANS, AMBUJACEM, ANANTRAJ, ASIANPAINT, AXISBANK, BAJAJFINSV, BAJFINANCE, BIOCON, BPCL, CESC, CGPOWER, COROMANDEL, DELTACORP, DLF, EXIDEIND, GAIL, HAVELLS, HDFCBANK, HINDALCO, HINDUNILVR, HINDZINC, INDHOTEL, INDUSINDBK, IOC, ITC, JINDALSTEL, JSWSTEEL, KOTAKBANK, LTFOODS, M&M, MANAPPURAM, MARICO, MFSL, MOTHERSON, NATIONALUM, NBCC, NHPC, NTPC, PETRONET, POWERGRID, PTC, RELIANCE, RPOWER, SHRIRAMFIN, TATAMOTORS, TATASTEEL, UPL, VEDL, VOLTAS, YESBANK, ZEEL",52
2016-08-31,"ADANIENSOL, ADANITRANS, AMBUJACEM, ANANTRAJ, APOLLOTYRE, AXISBANK, BAJAJFINSV, BAJFINANCE, BIOCON, BPCL, CENTRALBK, CESC, CGPOWER, DELTACORP, EXIDEIND, FEDERALBNK, GAIL, GMRINFRA, HAVELLS, HDFCBANK, HINDALCO, HINDZINC, INDIANB, IOC, ITC, JINDALSTEL, JSWSTEEL, KOTAKBANK, LICHSGFIN, MANAPPURAM, MANINFRA, MARICO, MOTHERSON, MUTHOOTFIN, NBCC, NHPC, NMDC, NTPC, PETRONET, PFC, POWERGRID, PRAJIND, PTC, RAIN, RELIANCE, RPOWER, SOUTHBANK, SRF, TATACHEM, TATACOMM, TATAMOTORS, TATAPOWER, TATASTEEL, TITAGARH, TITAN, TVSMOTOR, UPL, VEDL, VOLTAS, YESBANK, ZEEL",61
2016-09-30,"AEGISLOG, APOLLOTYRE, AUROPHARMA, BAJAJFINSV, BAJFINANCE, BIOCON, BPCL, CANBK, CASTROLIND, CHOLAFIN, DCBBANK, DELTACORP, EXIDEIND, FEDERALBNK, GLOBUSSPR, GSFC, HAVELLS, HDFCBANK, HINDALCO, HINDZINC, IDFCFIRSTB, INDUSINDBK, IOC, LICHSGFIN, MANAPPURAM, NBCC, NITCO, NMDC, ONGC, PETRONET, PFC, PNB, RADICO, RAYMOND, RECLTD, RELIANCE, SRF, TATACHEM, TATACOMM, TATAMOTORS, TATAPOWER, TATASTEEL, TVSMOTOR, UPL, VEDL, VOLTAS, ZEEL",47
2016-10-28,"ADANIENSOL, ADANIPORTS, ADANITRANS, BAJAJFINSV, BPCL, CANBK, DCBBANK, DELTACORP, DRREDDY, EXIDEIND, FEDERALBNK, GAIL, GNFC, GSFC, HINDZINC, ICICIBANK, IDFCFIRSTB, IOC, KOTAKBANK, LICHSGFIN, LT, MANAPPURAM, MANINFRA, MOTHERSON, NATIONALUM, NHPC, NMDC, ONGC, PETRONET, PFC, PIDILITIND, PNB, RADICO, RAIN, RAYMOND, RECLTD, SBIN, SOUTHBANK, SRF, TATACOMM, TATAPOWER, TATASTEEL, TVSMOTOR, UPL, VEDL, VGUARD, VOLTAS",47
2016-11-30,"ADANIENSOL, ADANIPORTS, ADANIPOWER, ADANITRANS, BANKBARODA, BEL, BPCL, CANBK, CGPOWER, GAIL, GNFC, GSFC, HINDALCO, HINDZINC, IOC, JSWSTEEL, LICHSGFIN, NATIONALUM, NHPC, NMDC, NTPC, ONGC, PETRONET, PFC, POWERGRID, RECLTD, SAIL, SBIN, TATACOMM, TATASTEEL, TVSMOTOR, UNIONBANK, VEDL",33
2016-12-30,"ADANIENSOL, ADANIENT, ADANITRANS, BEL, BIOCON, CESC, GAIL, GSFC, IOC, ITC, LICHSGFIN, MOTHERSON, NATIONALUM, NBCC, NHPC, NTPC, POWERGRID, SONATSOFTW, SWANENERGY, TATACHEM, TATAPOWER, TECHM, TITAGARH",23
2017-01-31,"ADANIENT, ADANIPORTS, ADANIPOWER, BAJFINANCE, BANKBARODA, BEL, BEML, BHEL, BIOCON, BPCL, CESC, CHAMBLFERT, DCBBANK, DELTACORP, EXIDEIND, FEDERALBNK, GAIL, GMRINFRA, GNFC, GRASIM, GSFC, HAVELLS, HDFCBANK, HINDALCO, HINDZINC, ICICIBANK, IDBI, INDUSINDBK, IOC, ITC, JINDALSTEL, JSWSTEEL, KOTAKBANK, LICHSGFIN, LT, LTFOODS, MANAPPURAM, MOTHERSON, NATIONALUM, NBCC, NFL, NHPC, NMDC, NTPC, ONGC, PETRONET, PFC, PNB, POWERGRID, PTC, RAIN, RCF, RECLTD, SAIL, SBIN, SONATSOFTW, SRF, SWANENERGY, TATACHEM, TATACOMM, TATAMOTORS, TATAPOWER, TATASTEEL, TVSMOTOR, UNIONBANK, UPL, VEDL, VGUARD, YESBANK, ZEEL",70
2017-02-28,"ADANIENT, ADANIPORTS, ADANIPOWER, APOLLOTYRE, BAJAJFINSV, BAJFINANCE, BEL, BHEL, BIOCON, CANBK, CESC, CHAMBLFERT, CIPLA, COALINDIA, DCBBANK, DELTACORP, DHANBANK, DLF, EXIDEIND, FEDERALBNK, GAIL, GMRINFRA, GRASIM, HAVELLS, HCLTECH, HDFCBANK, HINDALCO, HINDZINC, ICICIBANK, IDBI, IDFCFIRSTB, INDUSINDBK, IOC, ITC, JINDALSTEL, JSWSTEEL, KOTAKBANK, LICHSGFIN, LT, LTFOODS, MANAPPURAM, MARICO, MOTHERSON, NATIONALUM, NFL, NHPC, NMDC, PETRONET, PFC, PNB, PTC, RADICO, RAIN, RAYMOND, RCF, RECLTD, RELIANCE, SAIL, SBIN, SJVN, SOUTHBANK, TATACHEM, TATACOMM, TATAPOWER, TATASTEEL, TITAN, TVSMOTOR, UNIONBANK, UPL, VEDL, VOLTAS, YESBANK, ZEEL, ZYDUSLIFE",74
2017-03-31,"ABFRL, ADANIENT, ADANIPORTS, ADANIPOWER, APOLLOTYRE, BAJFINANCE, BANKBARODA, BEL, BHEL, BIOCON, CANBK, CASTROLIND, CENTRALBK, CESC, CGPOWER, CIPLA, CROMPTON, DCBBANK, DELTACORP, DHANBANK, DLF, EXIDEIND, FEDERALBNK, GAIL, GMRINFRA, GRASIM, HCLTECH, HDFCBANK, HINDALCO, INDUSINDBK, IOC, ITC, JINDALSTEL, JSWSTEEL, KARURVYSYA, KEC, KOTAKBANK, LICHSGFIN, MANAPPURAM, MANINFRA, MARICO, MOTHERSON, NATIONALUM, NFL, NHPC, PETRONET, PFC, PNB, PTC, RAIN, RAYMOND, RCF, RECLTD, RELIANCE, SBIN, SOUTHBANK, TATACHEM, TATAPOWER, TATASTEEL, TITAN, TORNTPOWER, TVSMOTOR, UNIONBANK, UPL, VEDL, VOLTAS, YESBANK, ZEEL",68
2017-04-28,"ABFRL, ADANIENSOL, ADANIENT, ADANIPORTS, ADANITRANS, ANANTRAJ, APOLLOTYRE, BAJAJFINSV, BAJFINANCE, BANKBARODA, BEL, BHEL, BPCL, CANBK, CASTROLIND, CESC, CHAMBLFERT, CHOLAFIN, CROMPTON, DCBBANK, DHANBANK, DLF, EXIDEIND, FEDERALBNK, GAIL, GMRINFRA, GRASIM, GSFC, HDFCBANK, HINDALCO, ICICIBANK, IDFCFIRSTB, INDIANB, INDUSINDBK, IOC, ITC, JSWSTEEL, KARURVYSYA, KOTAKBANK, LICHSGFIN, LT, MANINFRA, MARICO, MFSL, MOTHERSON, MUTHOOTFIN, NBCC, NETWORK18, NFL, NHPC, NTPC, PETRONET, PFC, PNB, POWERGRID, PTC, RAIN, RAYMOND, RCF, RECLTD, RELIANCE, SBIN, SOUTHBANK, SRF, TATACHEM, TITAN, TORNTPOWER, TVSMOTOR, UNIONBANK, UPL, VOLTAS, YESBANK, ZEEL",73
2017-05-31,"ABFRL, ADANIENSOL, ADANIPORTS, ADANITRANS, APOLLOTYRE, BAJFINANCE, BEL, BPCL, CANBK, CESC, CHAMBLFERT, COFORGE, CROMPTON, DCBBANK, DHANBANK, DLF, FEDERALBNK, GAIL, GODREJCP, GRASIM, GSFC, HAVELLS, HDFCBANK, HINDALCO, HINDUNILVR, ICICIBANK, INDIANB, IOC, ITC, JINDALSTEL, JSWSTEEL, KOTAKBANK, LICHSGFIN, LT, LTFOODS, MANINFRA, MOTHERSON, NBCC, NETWORK18, NFL, PETRONET, POWERGRID, RCF, SOUTHBANK, TATACHEM, TATACOMM, TATASTEEL, TVSMOTOR, UPL, VOLTAS, ZYDUSLIFE",51
2017-06-30,"ABFRL, ADANIENSOL, ADANIENT, ADANIPORTS, ADANITRANS, BAJFINANCE, BHARTIARTL, COFORGE, DCBBANK, DHANBANK, FEDERALBNK, GMRINFRA, GRASIM, HCLTECH, HDFCBANK, HINDUNILVR, ICICIBANK, ITC, JINDALSTEL, JSWSTEEL, KARURVYSYA, KOTAKBANK, LICHSGFIN, MANAPPURAM, MANINFRA, MFSL, MOTHERSON, NBCC, POWERGRID, RAIN, RELIANCE, SAREGAMA, SOUTHBANK, TATACOMM, TATASTEEL, TITAN, TVSMOTOR, UPL, VEDL, VOLTAS, ZYDUSLIFE",41
2017-07-31,"ADANIENT, ADANIPORTS, ADANIPOWER, ANANTRAJ, APOLLOTYRE, ASHOKLEY, BAJAJFINSV, BAJFINANCE, BALAJITELE, BEL, BHARTIARTL, BIOCON, CANBK, CESC, CGPOWER, CHAMBLFERT, DABUR, DHANBANK, DLF, FEDERALBNK, GMRINFRA, GRAPHITE, GRASIM, GSFC, HCLTECH, HDFCBANK, HFCL, HINDALCO, HINDUNILVR, HINDZINC, ICICIBANK, ICICIPRULI, INDIANB, INDUSINDBK, INDUSTOWER, JINDALSTEL, JSWSTEEL, JUBLFOOD, KARURVYSYA, KEC, KOTAKBANK, LT, MANAPPURAM, MANINFRA, MOTHERSON, NATIONALUM, NBCC, NETWORK18, NTPC, PNB, POWERGRID, PTC, RAIN, RAYMOND, RBLBANK, RCF, RELIANCE, SAIL, SAREGAMA, SBIN, SOUTHBANK, TATAELXSI, TATASTEEL, TITAN, UPL, VEDL, VOLTAS, WELCORP, WIPRO, YESBANK, ZYDUSLIFE",71
2017-08-31,"ADANIENT, ADANIPORTS, ADANIPOWER, AMBUJACEM, ASHOKLEY, BAJAJFINSV, BAJFINANCE, BATAINDIA, BEL, BEML, BHARTIARTL, BPCL, CESC, CHAMBLFERT, CONCOR, DELTACORP, GAIL, GRAPHITE, GRASIM, GSFC, HAVELLS, HDFCBANK, HFCL, HINDALCO, HINDZINC, ICICIBANK, IOC, JINDALSTEL, JSWSTEEL, JUBLFOOD, KARURVYSYA, MANINFRA, NATIONALUM, NESTLEIND, NTPC, PETRONET, POWERGRID, PTC, RAIN, RAYMOND, RBLBANK, RCF, RELIANCE, SAIL, SAREGAMA, TATASTEEL, TCS, TITAN, TORNTPOWER, TVSMOTOR, VBL, VEDL, VOLTAS, WIPRO, YESBANK",55
2017-09-29,"ASHOKLEY, AXISBANK, BAJFINANCE, CESC, COFORGE, CONCOR, DELTACORP, FEDERALBNK, GAIL, GNFC, GRAPHITE, HDFCBANK, HFCL, HINDALCO, INDUSINDBK, INDUSTOWER, JSWENERGY, JSWSTEEL, JUBLFOOD, KARURVYSYA, KOTAKBANK, MINDACORP, MOTHERSON, MUTHOOTFIN, NATIONALUM, NBCC, NESTLEIND, NITCO, PETRONET, PTC, RADICO, RAIN, RAYMOND, SHRIRAMFIN, TATACHEM, TATASTEEL, TORNTPOWER, TVSMOTOR, VEDL",39
2017-10-31,"ADANIENSOL, ADANIENT, ADANIPORTS, ADANITRANS, AMBUJACEM, ANANTRAJ, ASHOKLEY, AUROPHARMA, AXISBANK, BANKBARODA, BEL, BHARTIARTL, BHEL, BPCL, BSOFT, CANBK, CGPOWER, CHOLAFIN, CIPLA, COFORGE, CONCOR, DABUR, DELTACORP, DIVISLAB, DLF, FEDERALBNK, GAIL, GMRINFRA, GNFC, GRAPHITE, GSFC, HDFCBANK, HFCL, HINDALCO, HINDUNILVR, HINDZINC, ICICIBANK, INDIANB, INDUSTOWER, JINDALSTEL, JSWENERGY, JSWSTEEL, JUBLFOOD, JUSTDIAL, KOTAKBANK, LT, M&M, MOTHERSON, NATIONALUM, NBCC, NETWORK18, NTPC, PETRONET, PNB, PTC, RADICO, RAIN, RAYMOND, RBLBANK, RECLTD, RELIANCE, SAIL, SAREGAMA, SBIN, SHRIRAMFIN, SJVN, SOUTHBANK, SRF, TATACHEM, TATAPOWER, TATASTEEL, TCS, TITAGARH, TITAN, TORNTPOWER, UNIONBANK, VEDL, VGUARD, VOLTAS, WIPRO, ZEEL",81
2017-11-30,"ABFRL, ADANIENT, ANANTRAJ, APOLLOTYRE, AXISBANK, BAJAJFINSV, BEL, BHARTIARTL, BIOCON, BSOFT, CANBK, CGPOWER, CHOLAFIN, COFORGE, CROMPTON, DABUR, DCBBANK, DELTACORP, DIVISLAB, DLF, GAIL, GMRINFRA, GNFC, GRAPHITE, HAVELLS, HDFCBANK, HFCL, HINDUNILVR, ICICIBANK, INDHOTEL, INDIANB, JINDALSTEL, JSWENERGY, JUBLFOOD, JUSTDIAL, LT, M&M, MINDACORP, MOTHERSON, NBCC, NESTLEIND, NETWORK18, NTPC, PETRONET, PIDILITIND, PNB, PRAJIND, RADICO, RAIN, RAYMOND, RCF, RELIANCE, SAIL, SAREGAMA, SBIN, SHRIRAMFIN, SONATSOFTW, SOUTHBANK, TATACHEM, TATAPOWER, TATASTEEL, TCS, TEXRAIL, TITAGARH, TITAN, TORNTPOWER, VBL, VGUARD, VOLTAS, ZEEL",70
2017-12-29,"ABFRL, ADANIENSOL, ADANIENT, ADANIPOWER, ADANITRANS, AMBUJACEM, ANANTRAJ, APOLLOTYRE, AXISBANK, BAJAJFINSV, BEL, BHARTIARTL, BIOCON, BPCL, BSOFT, CESC, CGPOWER, CHOLAFIN, COFORGE, DCBBANK, DELTACORP, DLF, GAIL, GMRINFRA, GNFC, GRAPHITE, GSFC, HAVELLS, HDFCBANK, HINDALCO, HINDUNILVR, HINDZINC, ICICIBANK, JINDALSTEL, JSWENERGY, JSWSTEEL, JUBLFOOD, KARURVYSYA, LT, LTFOODS, M&M, MANAPPURAM, MANINFRA, MOTHERSON, NATIONALUM, NETWORK18, NHPC, NITCO, PIDILITIND, PRAJIND, PTC, RADICO, RAIN, RAYMOND, RCF, RPOWER, SAIL, SAREGAMA, SHRIRAMFIN, SONATSOFTW, SRF, TATACHEM, TATAPOWER, TATASTEEL, TITAGARH, TITAN, TORNTPOWER, VBL, VEDL, VGUARD, VOLTAS, WIPRO, ZEEL",73
2018-01-31,"ADANIENT, ADANIPORTS, APLAPOLLO, ASHOKLEY, AXISBANK, BIOCON, BSOFT, CGPOWER, COFORGE, CONCOR, DABUR, DELTACORP, DLF, GMRINFRA, GNFC, GODREJCP, GRAPHITE, HCLTECH, HDFCBANK, HINDUNILVR, HINDZINC, ICICIBANK, INDHOTEL, INDUSINDBK, INFY, JINDALSTEL, JSWENERGY, JSWSTEEL, JUBLFOOD, KOTAKBANK, LT, LTFOODS, M&M, NETWORK18, NMDC, ONGC, PETRONET, RADICO, RAYMOND, RCF, RELIANCE, SAIL, SONATSOFTW, SWANENERGY, TATASTEEL, TCS, TECHM, TITAN, TORNTPOWER, VBL, VEDL, WELCORP, WIPRO, YESBANK, ZEEL",55
2018-02-28,"ADANIENT, APOLLOTYRE, ASHOKLEY, BIOCON, BSOFT, CHAMBLFERT, CHOLAFIN, COALINDIA, COFORGE, DELTACORP, HCLTECH, HINDZINC, INDHOTEL, INFY, IPCALAB, JINDALSTEL, JSWSTEEL, JUBLFOOD, KEC, KOTAKBANK, LTFOODS, NESTLEIND, PIDILITIND, RADICO, RELIANCE, SONATSOFTW, TCS, TECHM, VEDL, VGUARD",30
2018-03-28,"ASHOKLEY, BAJAJFINSV, BAJFINANCE, BSOFT, CHOLAFIN, COFORGE, GRAPHITE, HCLTECH, IDBI, INDUSINDBK, JUBLFOOD, NESTLEIND, NETWORK18, SHRIRAMFIN, TECHM, TITAN, VOLTAS",17
2018-04-30,"ADANIPORTS, APOLLOTYRE, ASHOKLEY, BAJAJFINSV, BAJFINANCE, BIOCON, BSOFT, CESC, CHAMBLFERT, CHOLAFIN, CIPLA, COFORGE, DABUR, DLF, EXIDEIND, GMRINFRA, GNFC, HAVELLS, HCLTECH, HDFCBANK, HFCL, HINDZINC, INDHOTEL, INDIGO, INFY, JINDALSTEL, JSWENERGY, JSWSTEEL, JUBLFOOD, KOTAKBANK, LT, M&M, MANAPPURAM, MOTHERSON, NATIONALUM, NESTLEIND, NTPC, PIDILITIND, PRAJIND, RADICO, RAYMOND, RELIANCE, SAIL, SHRIRAMFIN, SRF, TATACHEM, TATAELXSI, TCS, TECHM, TITAN, VBL, VGUARD, VOLTAS, YESBANK, ZEEL",55
2018-05-31,"ASIANPAINT, AXISBANK, BAJAJFINSV, BAJFINANCE, BERGEPAINT, BIOCON, BSOFT, COALINDIA, COFORGE, CONCOR, DABUR, DMART, EXIDEIND, GAIL, GNFC, GRAPHITE, HAVELLS, HDFCBANK, HINDUNILVR, INDIANB, INDUSINDBK, INFY, JSWENERGY, JSWSTEEL, JUBLFOOD, JUSTDIAL, KOTAKBANK, LT, M&M, MPHASIS, NESTLEIND, PIDILITIND, PRAJIND, RADICO, SAIL, SAREGAMA, TATACHEM, TCS, TECHM, VBL",40
2018-06-29,"BAJFINANCE, BATAINDIA, BSOFT, CIPLA, COFORGE, DABUR, EXIDEIND, HAVELLS, HDFCBANK, HINDUNILVR, INDIANB, INFY, JUBLFOOD, JUSTDIAL, KOTAKBANK, M&M, NESTLEIND, RELIANCE, SAIL, SUNPHARMA, TCS, VBL",22
2018-07-31,"ADANIENT, APOLLOTYRE, ASIANPAINT, BAJAJFINSV, BAJFINANCE, BANKBARODA, BATAINDIA, BERGEPAINT, BSOFT, CIPLA, COFORGE, DABUR, EXIDEIND, GAIL, HAVELLS, HDFCBANK, HINDUNILVR, ICICIBANK, INDIANB, INDUSINDBK, INFY, ITC, JSWSTEEL, JUBLFOOD, M&M, MARICO, RBLBANK, RELIANCE, SBIN, SONATSOFTW, TCS, TECHM, TITAN, VBL",34
2018-08-31,"ABFRL, ADANIENT, APOLLOHOSP, AUBANK, AXISBANK, BAJAJFINSV, BAJFINANCE, BATAINDIA, BERGEPAINT, BIOCON, BSOFT, CIPLA, COFORGE, DABUR, DIVISLAB, DLF, EXIDEIND, GAIL, GLENMARK, GMRINFRA, GRAPHITE, HAVELLS, HCLTECH, HINDUNILVR, ICICIBANK, INDHOTEL, INFY, INTELLECT, ITC, JSWSTEEL, JUBLFOOD, LT, LUPIN, M&M, MARICO, NESTLEIND, PIDILITIND, RBLBANK, RELIANCE, SRF, SUNPHARMA, TCS, TECHM, TITAN, VBL, WELCORP",46
2018-09-28,"ABFRL, AUROPHARMA, AXISBANK, BIOCON, CIPLA, DIVISLAB, DRREDDY, GLENMARK, HCLTECH, INFY, JSWSTEEL, LUPIN, RELIANCE, SONATSOFTW, SUNPHARMA, TCS, TECHM, WIPRO",18
2018-10-31,"ADANIENT, AUROPHARMA, BIOCON, DIVISLAB, HAVELLS, HCLTECH, ICICIBANK, NESTLEIND, TECHM",9
2018-11-30,"ADANIENT, ADANIPOWER, ASIANPAINT, AUROPHARMA, AXISBANK, BAJAJFINSV, BAJFINANCE, BATAINDIA, BERGEPAINT, DABUR, DIVISLAB, DRREDDY, EXIDEIND, GLENMARK, HAVELLS, HDFCBANK, HINDUNILVR, KOTAKBANK, LUPIN, MARICO, NESTLEIND, PIDILITIND, RBLBANK, RELIANCE, SRF, TITAN, TORNTPOWER, UPL, VBL, WIPRO",30
2018-12-31,"ABFRL, ADANIPOWER, ASIANPAINT, AXISBANK, BAJAJFINSV, BAJFINANCE, BATAINDIA, CANBK, COFORGE, CONCOR, DABUR, DRREDDY, EXIDEIND, GAIL, GLENMARK, HDFCBANK, HINDUNILVR, ICICIBANK, ITC, KOTAKBANK, LT, MARICO, MUTHOOTFIN, NESTLEIND, PFC, PIDILITIND, RBLBANK, RELIANCE, SBIN, TECHM, TITAN, VBL, WIPRO",33
2019-01-31,"ABFRL, ASIANPAINT, AUROPHARMA, AXISBANK, BAJFINANCE, COFORGE, DABUR, DRREDDY, HAVELLS, ICICIBANK, INFY, KOTAKBANK, LUPIN, MUTHOOTFIN, NESTLEIND, PFC, PRAJIND, RBLBANK, RELIANCE, SBIN, TCS, TECHM, VBL, WIPRO",24
2019-02-28,"ABFRL, ADANIPOWER, AXISBANK, BAJAJFINSV, BAJFINANCE, BATAINDIA, COFORGE, DABUR, HAVELLS, HCLTECH, INFY, JUSTDIAL, MUTHOOTFIN, PFC, PRAJIND, RBLBANK, RECLTD, RELIANCE, TCS, TECHM, UPL, VBL, WIPRO",23
2019-03-29,"ABFRL, ADANIENT, ADANIPOWER, AMBUJACEM, ASIANPAINT, AUROPHARMA, AXISBANK, BAJAJFINSV, BAJFINANCE, BEML, COFORGE, DCBBANK, DELTACORP, DRREDDY, FEDERALBNK, GMRINFRA, HAVELLS, HCLTECH, HDFCBANK, ICICIBANK, IDFCFIRSTB, INDHOTEL, INDIGO, INFY, ITC, JUBLFOOD, LICHSGFIN, MANAPPURAM, MUTHOOTFIN, NESTLEIND, PETRONET, PFC, PIDILITIND, PNB, PRAJIND, RBLBANK, RECLTD, RELIANCE, SBIN, SIEMENS, SRF, TCS, TITAN, UPL, VBL, VGUARD, VOLTAS",47
2019-04-30,"ACC, ADANIPORTS, ASIANPAINT, AUROPHARMA, AXISBANK, BAJAJFINSV, BAJFINANCE, DCBBANK, DHANBANK, DRREDDY, FEDERALBNK, HCLTECH, HDFCBANK, ICICIBANK, INDHOTEL, INDIGO, INFY, ITC, NESTLEIND, ONGC, PETRONET, PFC, PIDILITIND, RBLBANK, RECLTD, RELIANCE, SBIN, SRF, TCS, TECHM, TITAN, UPL, VBL, VOLTAS, WIPRO",35
2019-05-31,"ADANIENT, ADANIPOWER, AXISBANK, BAJAJFINSV, BAJFINANCE, DCBBANK, FEDERALBNK, HCLTECH, HDFCBANK, ICICIBANK, ICICIGI, INDIGO, INFY, JUSTDIAL, KOTAKBANK, LT, MANAPPURAM, MUTHOOTFIN, NESTLEIND, PFC, PIDILITIND, PRAJIND, RBLBANK, SBIN, SIEMENS, SRF, TCS, TITAN, UPL, VBL, VGUARD, WIPRO",32
2019-06-28,"ADANIPOWER, APOLLOHOSP, AXISBANK, BAJAJFINSV, BAJFINANCE, BEML, BPCL, CANFINHOME, DCBBANK, FEDERALBNK, HAVELLS, HDFCBANK, ICICIBANK, INDHOTEL, JUSTDIAL, KOTAKBANK, LT, MANAPPURAM, PFC, PRAJIND, RECLTD, SBILIFE, SBIN, SRF, TCS, TITAN, TORNTPOWER, VBL, VGUARD",29
2019-07-31,"ADANIGREEN, ADANIPOWER, ASIANPAINT, BERGEPAINT, DABUR, HDFCLIFE, ICICIBANK, ICICIPRULI, INFY, KOTAKBANK, POWERGRID, SBILIFE, TORNTPOWER, VBL",14
2019-08-30,"ASIANPAINT, BEL, BERGEPAINT, CESC, COFORGE, DABUR, HDFCLIFE, HINDUNILVR, ICICIPRULI, INDIGO, INFY, MARICO, NESTLEIND, PETRONET, PIDILITIND, SBILIFE, TCS, VBL, VOLTAS",19
2019-09-30,"ABFRL, ADANIGREEN, ADANIPORTS, ADANIPOWER, ASIANPAINT, BAJAJFINSV, BAJFINANCE, BEL, BEML, BERGEPAINT, BHARTIARTL, BPCL, CHOLAFIN, COFORGE, CONCOR, DABUR, GMRINFRA, HDFCBANK, HDFCLIFE, HINDUNILVR, ICICIBANK, ICICIGI, ICICIPRULI, INDHOTEL, INDIGO, INFY, IOC, KOTAKBANK, MANAPPURAM, MARICO, MUTHOOTFIN, NESTLEIND, PETRONET, PIDILITIND, RELIANCE, SBILIFE, SIEMENS, TITAN, UPL, VOLTAS",40
2019-10-31,"ADANIENT, ADANIGREEN, ADANIPOWER, ASIANPAINT, AXISBANK, BAJAJFINSV, BAJFINANCE, BANDHANBNK, BEL, BEML, BERGEPAINT, BHARTIARTL, BPCL, CESC, CHOLAFIN, COFORGE, CONCOR, DABUR, DRREDDY, EICHERMOT, GMRINFRA, HCLTECH, HDFCBANK, HDFCLIFE, HINDUNILVR, ICICIBANK, ICICIGI, ICICIPRULI, IOC, JUBLFOOD, KOTAKBANK, MANAPPURAM, NESTLEIND, NMDC, PETRONET, PIDILITIND, RECLTD, RELIANCE, SBILIFE, SIEMENS, SRF, TCS, TITAN, UPL, VOLTAS",45
2019-11-29,"ABCAPITAL, ABFRL, ADANIENT, ADANIGREEN, AUBANK, BAJAJFINSV, BAJFINANCE, BANDHANBNK, BERGEPAINT, BHARTIARTL, BPCL, CHOLAFIN, DLF, EICHERMOT, GMRINFRA, HCLTECH, HDFCAMC, HDFCBANK, ICICIBANK, ICICIPRULI, JINDALSTEL, JSWENERGY, JUBLFOOD, KOTAKBANK, MANAPPURAM, MFSL, MUTHOOTFIN, NESTLEIND, PETRONET, PFC, RELIANCE, SBILIFE, SBIN, SHRIRAMFIN, SRF, VBL, VOLTAS, WELCORP",38
2019-12-31,"ADANIENT, ADANIGREEN, ASIANPAINT, BAJAJFINSV, BAJFINANCE, BERGEPAINT, BHARTIARTL, COFORGE, DLF, DRREDDY, EICHERMOT, GATEWAY, GMRINFRA, HCLTECH, HDFCBANK, HDFCLIFE, HINDALCO, ICICIBANK, JUBLFOOD, KOTAKBANK, MANAPPURAM, MFSL, MUTHOOTFIN, NESTLEIND, NMDC, RELIANCE, SBIN, SRF, TATACHEM, TCS, VBL",31
2020-01-31,"ADANIENT, ADANIGREEN, ANANTRAJ, ASIANPAINT, AUBANK, BAJAJFINSV, BAJFINANCE, BERGEPAINT, BHARTIARTL, CANFINHOME, CHOLAFIN, COFORGE, DABUR, DLF, DRREDDY, GMRINFRA, HCLTECH, HINDUNILVR, ICICIPRULI, IRCON, JUBLFOOD, KOTAKBANK, LAURUSLABS, MANAPPURAM, NESTLEIND, PIDILITIND, RAIN, TATACHEM, TORNTPOWER, VBL, VOLTAS",31
2020-02-28,"ABFRL, AUBANK, BAJFINANCE, BALKRISIND, BERGEPAINT, BHARTIARTL, CROMPTON, DABUR, DMART, HINDUNILVR, IRCON, LAURUSLABS, MFSL, MIDHANI, MUTHOOTFIN, NESTLEIND, SHRIRAMFIN, SRF, TITAN, VBL, WELCORP",21
2020-03-31,"DRREDDY, HINDUNILVR, IPCALAB, NESTLEIND, ZYDUSLIFE",5
2020-04-30,"ASIANPAINT, BHARTIARTL, BIOCON, BRITANNIA, COLPAL, DABUR, DEEPAKNTR, DIVISLAB, DRREDDY, IPCALAB, JUBLFOOD, LAURUSLABS, LUPIN, MFSL, MIDHANI, MUTHOOTFIN, NESTLEIND, PIDILITIND, RELIANCE, SRF, SUNPHARMA, TORNTPHARM, TORNTPOWER, ZYDUSLIFE",24
2020-05-29,"AUROPHARMA, BERGEPAINT, BHARTIARTL, BIOCON, CIPLA, COLPAL, DABUR, DEEPAKNTR, DRREDDY, IRCON, JUBLFOOD, LAURUSLABS, LUPIN, MFSL, MUTHOOTFIN, NESTLEIND, PIDILITIND, RADICO, RELIANCE, SRF, SUNPHARMA, TATACHEM, TORNTPHARM, ZYDUSLIFE",24
2020-06-30,"ADANIENSOL, ADANIGREEN, ADANITRANS, APOLLO, AUROPHARMA, BDL, BHARTIARTL, BIOCON, BSOFT, CIPLA, DRREDDY, EICHERMOT, GLENMARK, GMRINFRA, GODREJCP, HINDUNILVR, IDBI, IOB, IRCON, JINDALSTEL, JUBLFOOD, LAURUSLABS, LTFOODS, LUPIN, MANAPPURAM, MFSL, MIDHANI, MUTHOOTFIN, NESTLEIND, NETWORK18, NFL, RCF, RCOM, RELIANCE, RPOWER, SPARC, SRF, TATACHEM, TORNTPOWER, ZYDUSLIFE",40
2020-07-31,"AMBUJACEM, APOLLO, AUBANK, AUROPHARMA, BDL, BERGEPAINT, BIOCON, BRITANNIA, BSOFT, CIPLA, COFORGE, DABUR, DEEPAKNTR, DIVISLAB, DRREDDY, EICHERMOT, GLENMARK, GMRINFRA, HAL, HCLTECH, HIKAL, HINDUNILVR, IDBI, INFY, IOB, IRCON, JINDALSTEL, JUBLFOOD, LAURUSLABS, LTFOODS, LUPIN, MANAPPURAM, MFSL, MUTHOOTFIN, NETWORK18, NFL, RCOM, RELIANCE, RPOWER, SBILIFE, SPARC, SRF, SUNPHARMA, TCS, TORNTPHARM, VBL, WIPRO, ZYDUSLIFE",48
2020-08-31,"ADANIENT, ADANIGREEN, AMBUJACEM, APOLLO, BDL, BERGEPAINT, BSOFT, CGPOWER, CIPLA, COFORGE, DEEPAKNTR, DIVISLAB, DRREDDY, GLENMARK, GMRINFRA, HCLTECH, HEROMOTOCO, HIKAL, HINDZINC, INFY, JINDALSTEL, JSWSTEEL, JUBLFOOD, LAURUSLABS, LTFOODS, LUPIN, MANINFRA, MFSL, RAIN, RCOM, RELIANCE, SPARC, SRF, SUNPHARMA, TATACHEM, TORNTPHARM, TORNTPOWER",37
2020-09-30,"ADANIENT, ADANIGREEN, AMBUJACEM, APLAPOLLO, APOLLOHOSP, ASIANPAINT, BERGEPAINT, BIOCON, BSE, BSOFT, CGPOWER, CHAMBLFERT, CIPLA, COFORGE, CROMPTON, DABUR, DEEPAKNTR, DIVISLAB, DRREDDY, GLENMARK, GMRINFRA, GNFC, HCLTECH, HEROMOTOCO, HIKAL, INFY, IRCTC, JSWSTEEL, JUBLFOOD, LAURUSLABS, LTFOODS, LUPIN, MFSL, NATCOPHARM, RELIANCE, SRF, SYNGENE, TCS, TORNTPHARM, WIPRO, ZYDUSLIFE",41
2020-10-30,"ACC, ADANIENT, AMBUJACEM, APOLLOHOSP, ASIANPAINT, BERGEPAINT, CGPOWER, CROMPTON, DRREDDY, HAVELLS, HCLTECH, INFY, JSWSTEEL, JUSTDIAL, LAURUSLABS, LTFOODS, MUTHOOTFIN, NESTLEIND, PIDILITIND, RPOWER, SRF, TCS, WIPRO, ZYDUSLIFE",24
2020-11-27,"ACC, ADANIENT, ADANIGREEN, ADANIPORTS, AMBUJACEM, APOLLO, APOLLOHOSP, APOLLOTYRE, ASHOKLEY, ASIANPAINT, AUROPHARMA, BALKRISIND, BEL, BERGEPAINT, CGPOWER, CHOLAFIN, COFORGE, COLPAL, CROMPTON, DIVISLAB, EICHERMOT, GMRINFRA, GODREJCP, GRASIM, HAVELLS, HDFCBANK, HDFCLIFE, HEROMOTOCO, HFCL, HINDALCO, HINDZINC, INDIGO, INFY, IOB, IPCALAB, JINDALSTEL, JSWSTEEL, JUBLFOOD, JUSTDIAL, KOTAKBANK, LAURUSLABS, LTFOODS, M&M, MARICO, MFSL, MOTHERSON, NESTLEIND, RPOWER, SRF, SUNPHARMA, TATACHEM, TATAPOWER, TATASTEEL, TCS, TECHM, TITAN, TVSMOTOR, VOLTAS, WIPRO, ZYDUSLIFE",60
2020-12-31,"ABCAPITAL, ADANIENT, ADANIPORTS, ADANIPOWER, APOLLO, APOLLOHOSP, APOLLOTYRE, ASHOKLEY, ASIANPAINT, AUROPHARMA, AXISBANK, BAJAJFINSV, BAJFINANCE, BANDHANBNK, BEL, BEML, BERGEPAINT, BHEL, BIOCON, BSE, BSOFT, CANBK, CESC, CGPOWER, CHAMBLFERT, CHOLAFIN, CIPLA, COFORGE, CROMPTON, CUMMINSIND, DABUR, DELTACORP, DHANBANK, DLF, DRREDDY, EICHERMOT, EXIDEIND, GAIL, GMRINFRA, GNFC, GODREJCP, GODREJPROP, GRAPHITE, GRASIM, GSFC, HAVELLS, HCLTECH, HDFCBANK, HDFCLIFE, HFCL, HINDALCO, HINDUNILVR, HUDCO, ICICIBANK, ICICIPRULI, IDFCFIRSTB, INDIANB, INDIGO, INDUSINDBK, INFY, IOB, IRCON, IRCTC, ITC, JINDALSTEL, JSWENERGY, JSWSTEEL, JUBLFOOD, JUSTDIAL, KARURVYSYA, KOTAKBANK, LAURUSLABS, LICHSGFIN, LT, LTFOODS, LUPIN, M&M, MANINFRA, MARICO, MARUTI, MFSL, MINDACORP, MOTHERSON, MUTHOOTFIN, NATIONALUM, NBCC, NESTLEIND, NETWORK18, NFL, NHPC, NMDC, ONGC, PETRONET, PFC, PIDILITIND, POWERGRID, PRAJIND, PTC, RAIN, RBLBANK, RCF, RCOM, RECLTD, RPOWER, RVNL, SAIL, SBILIFE, SBIN, SHRIRAMFIN, SJVN, SONATSOFTW, SOUTHBANK, SPARC, SUNPHARMA, TATACHEM, TATAMOTORS, TATAPOWER, TATASTEEL, TCS, TECHM, TEXRAIL, TITAGARH, TITAN, TORNTPOWER, TVSMOTOR, UPL, VBL, VEDL, VOLTAS, WELCORP, WIPRO, ZEEL, ZYDUSLIFE",133
2021-01-29,"ADANIENT, ADANIPORTS, ADANIPOWER, ANANTRAJ, APOLLOHOSP, APOLLOTYRE, ASHOKLEY, AXISBANK, BANKBARODA, BEL, BHARTIARTL, BHEL, BSOFT, CANBK, CASTROLIND, CHOLAFIN, CIPLA, CONCOR, CROMPTON, CUMMINSIND, DLF, EICHERMOT, EXIDEIND, FEDERALBNK, GAIL, GATEWAY, GODREJCP, GRAPHITE, GRASIM, GSFC, HAL, HAVELLS, HDFCLIFE, HEROMOTOCO, HFCL, HINDZINC, HUDCO, ICICIBANK, IDFCFIRSTB, INDIANB, INFY, IOC, IRCTC, JSWENERGY, LAURUSLABS, LICHSGFIN, LT, LUPIN, M&M, MANINFRA, MARICO, MFSL, NATIONALUM, NBCC, NFL, NHPC, PRAJIND, PTC, PVRINOX, RCF, RVNL, SBICARD, SBIN, SHRIRAMFIN, SUNPHARMA, TATACHEM, TATAELXSI, TATAMOTORS, TATAPOWER, TCS, TECHM, TEXRAIL, TVSMOTOR, UPL, VBL, VEDL, VGUARD, VOLTAS, WIPRO, ZEEL",80
2021-02-26,"ABCAPITAL, ABFRL, ACC, ADANIENSOL, ADANIENT, ADANIGREEN, ADANIPORTS, ADANIPOWER, ADANITRANS, AMBUJACEM, APOLLOHOSP, APOLLOTYRE, ASHOKLEY, AUBANK, AXISBANK, BAJAJFINSV, BAJFINANCE, BANKBARODA, BDL, BEL, BHEL, BPCL, CANBK, CASTROLIND, CENTRALBK, CGPOWER, CHAMBLFERT, CHOLAFIN, COALINDIA, COCHINSHIP, CONCOR, CUMMINSIND, DCBBANK, DEEPAKNTR, DHANBANK, DLF, EXIDEIND, FEDERALBNK, GAIL, GNFC, GODREJPROP, GRAPHITE, GRASIM, GREENPLY, GSFC, HAL, HAVELLS, HDFCBANK, HDFCLIFE, HFCL, HINDALCO, HINDZINC, HUDCO, ICICIBANK, IDFCFIRSTB, IIFL, INDIANB, INDUSINDBK, INDUSTOWER, IOB, IOC, IRCON, IRCTC, JINDALSTEL, JSWENERGY, JSWSTEEL, JUBLFOOD, JUSTDIAL, KARURVYSYA, LICHSGFIN, LT, M&M, MANAPPURAM, MFSL, MINDACORP, MOTHERSON, MUTHOOTFIN, NATIONALUM, NBCC, NETWORK18, NFL, NHPC, NIACL, NMDC, NTPC, ONGC, PETRONET, PFC, PNB, PNBHOUSING, POWERGRID, PRAJIND, PSB, PTC, RAIN, RAYMOND, RCF, RELIANCE, RPOWER, RVNL, SAIL, SBICARD, SBIN, SHRIRAMFIN, SIEMENS, SONATSOFTW, SOUTHBANK, TATACHEM, TATAMOTORS, TATAPOWER, TATASTEEL, TORNTPOWER, TVSMOTOR, UNIONBANK, UPL, VBL, VEDL, VGUARD, VOLTAS",119
2021-03-31,"ABCAPITAL, ABFRL, ACC, ADANIENSOL, ADANIENT, ADANIPORTS, ADANIPOWER, ADANITRANS, AMBUJACEM, ASIANPAINT, AUBANK, BEML, BERGEPAINT, BHEL, BPCL, BSOFT, CANFINHOME, CGPOWER, CHOLAFIN, CIPLA, COFORGE, CONCOR, CUMMINSIND, DABUR, DEEPAKNTR, DELTACORP, DHANBANK, GNFC, GODREJCP, GRAPHITE, GRASIM, HCLTECH, HINDALCO, HINDUNILVR, IDBI, INFY, INTELLECT, IOB, IRCTC, ITC, JINDALSTEL, JSWENERGY, JSWSTEEL, JUBLFOOD, JUSTDIAL, KARURVYSYA, LAURUSLABS, LTFOODS, MANINFRA, MARICO, MFSL, MOTHERSON, NATIONALUM, NBCC, NFL, NHPC, NIACL, NMDC, NTPC, PIDILITIND, POWERGRID, PRAJIND, PTC, RAYMOND, RCF, RPOWER, SAIL, SAREGAMA, SHRIRAMFIN, SONATSOFTW, TATACHEM, TATAPOWER, TATASTEEL, TCS, TECHM, TITAN, TORNTPOWER, UPL, VBL, VEDL, WELCORP",81
2021-04-30,"ACC, ADANIENSOL, ADANIENT, ADANIPORTS, ADANIPOWER, ADANITRANS, AMBUJACEM, APOLLOHOSP, ASIANPAINT, AUROPHARMA, BAJAJFINSV, BAJFINANCE, BHEL, BSE, CGPOWER, CHOLAFIN, CIPLA, COFORGE, CONCOR, DABUR, DEEPAKNTR, DRREDDY, FEDERALBNK, GATEWAY, GLENMARK, GNFC, GRAPHITE, GRASIM, GSFC, GUJALKALI, HFCL, HIKAL, HINDALCO, HINDZINC, ICICIBANK, ICICIPRULI, INFY, IRCTC, JINDALSTEL, JSWENERGY, JSWSTEEL, JUSTDIAL, LAURUSLABS, LTFOODS, LUPIN, MARICO, MOTHERSON, NATIONALUM, NFL, NMDC, ONGC, PIDILITIND, POWERGRID, PRAJIND, PSB, PTC, RAIN, RPOWER, SAIL, SBILIFE, SRF, SUNPHARMA, TATACHEM, TATASTEEL, TITAN, TVSMOTOR, UPL, VEDL, WELCORP, WIPRO, ZYDUSLIFE",71
2021-05-31,"ABCAPITAL, ABFRL, ADANIENSOL, ADANIENT, ADANIPORTS, ADANITRANS, AMBUJACEM, APOLLOTYRE, ASHOKLEY, ASIANPAINT, AXISBANK, BAJAJFINSV, BAJFINANCE, BANKBARODA, BEL, BERGEPAINT, BHEL, BPCL, BSE, BSOFT, CANBK, CASTROLIND, CESC, CGPOWER, CHAMBLFERT, CIPLA, COALINDIA, COFORGE, CONCOR, CROMPTON, CSBBANK, DCBBANK, DEEPAKNTR, DELTACORP, DHANBANK, DLF, DRREDDY, EIDPARRY, EXIDEIND, FEDERALBNK, FINCABLES, GAIL, GATEWAY, GLENMARK, GMRINFRA, GNFC, GODREJCP, GRAPHITE, GRASIM, GSFC, HAVELLS, HDFCBANK, HFCL, HIKAL, HINDALCO, HINDZINC, HUDCO, ICICIBANK, ICICIPRULI, IDFCFIRSTB, INDHOTEL, INDIANB, INDUSINDBK, INFY, IOB, IOC, IRCTC, ITC, JINDALSTEL, JSWENERGY, JSWSTEEL, JUBLFOOD, JUSTDIAL, KARURVYSYA, KOTAKBANK, LAURUSLABS, LICHSGFIN, LT, LTFOODS, LUPIN, M&M, MANINFRA, MARICO, MINDACORP, MOTHERSON, MUTHOOTFIN, NATCOPHARM, NATIONALUM, NBCC, NFL, NHPC, NIACL, NMDC, NTPC, ONGC, PFC, PIDILITIND, PNB, POWERGRID, PRAJIND, PSB, PTC, PVRINOX, RAIN, RAYMOND, RBLBANK, RCF, RECLTD, RPOWER, RVNL, SAIL, SBICARD, SBILIFE, SBIN, SHRIRAMFIN, SIEMENS, SJVN, SOUTHBANK, SPARC, SRF, SUNPHARMA, TATAMOTORS, TATAPOWER, TATASTEEL, TCS, TECHM, TEXRAIL, TITAN, TORNTPOWER, TVSMOTOR, UPL, VBL, VEDL, VGUARD, VOLTAS, WELCORP, WIPRO, ZEEL, ZYDUSLIFE",139
2021-06-30,"ABFRL, ADANIENT, ADANIPOWER, AMBUJACEM, APOLLOTYRE, ASHOKLEY, ASIANPAINT, AUBANK, AXISBANK, BAJAJFINSV, BAJFINANCE, BANKBARODA, BEL, BHEL, BPCL, BSE, BSOFT, CANBK, CASTROLIND, CENTRALBK, CESC, CHAMBLFERT, CIPLA, COALINDIA, COCHINSHIP, COFORGE, CONCOR, CROMPTON, CUMMINSIND, DABUR, DCBBANK, DEEPAKNTR, DELTACORP, DHANBANK, DLF, DRREDDY, EIDPARRY, FEDERALBNK, GATEWAY, GLENMARK, GLOBUSSPR, GMRINFRA, GODREJCP, GRASIM, GSFC, HCLTECH, HDFCBANK, HDFCLIFE, HFCL, HINDUNILVR, HINDZINC, HUDCO, ICICIBANK, ICICIPRULI, INDBANK, INDHOTEL, INDIANB, INDUSINDBK, INFY, IOB, IOC, IRCON, IRCTC, JSWENERGY, JUBLFOOD, JUSTDIAL, LAURUSLABS, LICHSGFIN, LT, MANAPPURAM, MANINFRA, MARICO, MAXHEALTH, MFSL, MOTHERSON, MUTHOOTFIN, NATIONALUM, NBCC, NESTLEIND, NETWORK18, NEWGEN, NFL, NHPC, NIACL, NMDC, NTPC, ONGC, PFC, PNB, POWERGRID, PRAJIND, PSB, PTC, RADICO, RAIN, RAYMOND, RCF, RCOM, RECLTD, RPOWER, RVNL, SAIL, SBILIFE, SBIN, SJVN, SOUTHBANK, SPARC, SUNPHARMA, SUPRAJIT, TATACHEM, TATAMOTORS, TATAPOWER, TATASTEEL, TCS, TECHM, TEXRAIL, THYROCARE, TITAGARH, TITAN, TORNTPOWER, TVSMOTOR, UNIONBANK, UPL, VBL, VGUARD, VOLTAS, WIPRO, ZYDUSLIFE",128
2021-07-30,"ABFRL, ACC, AMBUJACEM, ASHOKLEY, AUBANK, BAJAJFINSV, BAJFINANCE, BDL, BEL, BERGEPAINT, BHARTIARTL, BSE, BSOFT, CANBK, CENTRALBK, CESC, CHAMBLFERT, COFORGE, CROMPTON, DABUR, DEEPAKNTR, DELTACORP, DHANBANK, DLF, FEDERALBNK, GABRIEL, GODREJCP, GRASIM, GSFC, GUJALKALI, HAL, HAPPSTMNDS, HAVELLS, HCLTECH, HFCL, HINDALCO, ICICIBANK, ICICIPRULI, INDHOTEL, INFY, IOB, IRCTC, JINDALSTEL, JSWENERGY, JSWSTEEL, JUBLFOOD, LAURUSLABS, LT, MANAPPURAM, MANINFRA, MARICO, MAXHEALTH, MPHASIS, MUTHOOTFIN, NATIONALUM, NESTLEIND, NETWORK18, NHPC, NMDC, NTPC, ORIENTELEC, PFC, PRESTIGE, RAIN, RAYMOND, RCF, RECLTD, ROUTE, SAIL, SBICARD, SBILIFE, SBIN, SOBHA, SPARC, SRF, SUNPHARMA, TATACHEM, TATAPOWER, TATASTEEL, TECHM, TEXRAIL, TITAGARH, TITAN, VBL, VEDL, WIPRO",86
2021-08-31,"ADANIENT, ADANIPORTS, AMBUJACEM, APOLLOHOSP, ASIANPAINT, AXISBANK, BAJAJFINSV, BAJFINANCE, BEL, BHARTIARTL, BPCL, BSE, BSOFT, CANBK, CESC, CGPOWER, CHAMBLFERT, CHOLAFIN, CIPLA, COALINDIA, COFORGE, CONCOR, CROMPTON, CUMMINSIND, DABUR, DEEPAKNTR, DELTACORP, DLF, EICHERMOT, GABRIEL, GODREJCP, HAL, HAVELLS, HCLTECH, HDFCBANK, HDFCLIFE, HIKAL, HINDALCO, HINDUNILVR, ICICIBANK, ICICIPRULI, INFY, IOC, IRCTC, ITC, JSWENERGY, JUBLFOOD, LAURUSLABS, LT, M&M, MANINFRA, MARICO, MAXHEALTH, NATIONALUM, NESTLEIND, NHPC, NIACL, ONGC, PFC, PIDILITIND, POWERGRID, PRESTIGE, RAIN, RECLTD, RELIANCE, SBICARD, SBILIFE, SIEMENS, SONATSOFTW, SPARC, SRF, SUNPHARMA, TATACHEM, TATAPOWER, TATASTEEL, TCS, TECHM, TITAGARH, TITAN, TORNTPOWER, TRENT, VBL, VEDL, WIPRO",84
2021-09-30,"ABFRL, ADANIENSOL, ADANIPORTS, ADANIPOWER, ADANITRANS, APOLLOTYRE, ASHOKLEY, BAJAJFINSV, BAJFINANCE, BANKBARODA, BEL, BHARTIARTL, BHEL, BRIGADE, BSE, CANBK, CANFINHOME, CENTRALBK, CESC, CGPOWER, CHAMBLFERT, CHOLAFIN, CIPLA, COALINDIA, COFORGE, CONCOR, CROMPTON, DABUR, DELTACORP, DLF, FEDERALBNK, GAIL, GMRINFRA, GNFC, GODREJPROP, GRASIM, GSFC, GUJALKALI, HAL, HAVELLS, HCLTECH, HDFCBANK, HDFCLIFE, HFCL, HINDALCO, HINDUNILVR, ICICIPRULI, IDBI, INDHOTEL, INDIANB, INDIGO, INDUSINDBK, INDUSTOWER, IOB, IOC, IRCTC, ITC, JSWENERGY, JUBLFOOD, KEI, LT, LTFOODS, MANINFRA, MARICO, MAXHEALTH, MAZDOCK, MOTHERSON, NATIONALUM, NBCC, NESTLEIND, NETWORK18, NFL, NHPC, NTPC, OBEROIRLTY, ONGC, PFC, PHOENIXLTD, POWERGRID, PRESTIGE, PTC, RAIN, RAYMOND, RCF, RCOM, RECLTD, RELIANCE, RPOWER, RVNL, SBILIFE, SBIN, SJVN, SONATSOFTW, SRF, SUNPHARMA, TATACHEM, TATAMOTORS, TATAPOWER, TCS, TECHM, TORNTPOWER, VBL, VGUARD, VOLTAS, WELCORP, WIPRO, ZEEL",107
2021-10-29,"ABFRL, ADANIPOWER, ASHOKLEY, AUBANK, BAJAJFINSV, BANKBARODA, BDL, BEL, BHARTIARTL, BHEL, BSE, CANBK, CENTRALBK, CESC, CGPOWER, CHAMBLFERT, CHOLAFIN, DELTACORP, DLF, DMART, FEDERALBNK, GATEWAY, GMRINFRA, GNFC, GODREJPROP, GRASIM, GSFC, ICICIBANK, IDBI, INDHOTEL, INDIANB, INDUSINDBK, IOB, IOC, IRCTC, JINDALSTEL, JSWENERGY, KKCL, LT, LTFOODS, M&M, MAHSEAMLES, MANAPPURAM, MANINFRA, MARICO, MAZDOCK, MINDACORP, MPHASIS, NATIONALUM, NETWORK18, NHPC, NTPC, OBEROIRLTY, ONGC, PNB, POWERGRID, PTC, PVRINOX, RAYMOND, RELIANCE, RPOWER, RVNL, SBIN, SHRIRAMFIN, SJVN, TATAMOTORS, TATAPOWER, TECHM, TITAN, TORNTPOWER, TVSMOTOR, UNIONBANK, UPL, VOLTAS, ZEEL",75
2021-11-30,"ADANIENT, ADANIGREEN, APOLLOHOSP, BHARTIARTL, BSE, BSOFT, CANBK, CGPOWER, CHAMBLFERT, CIPLA, COFORGE, HINDZINC, MANINFRA, MAXHEALTH, MINDACORP, NHPC, POWERGRID, RAYMOND, SOBHA, TATAMOTORS, TATAPOWER, TECHM, TITAN, TORNTPOWER, TVSMOTOR, VEDL, WELCORP, ZEEL",28
2021-12-31,"ADANIENT, APOLLO, ASIANPAINT, BEL, BSE, BSOFT, CGPOWER, CHAMBLFERT, CIPLA, COFORGE, GMRINFRA, GODREJCP, HCLTECH, HFCL, HINDALCO, INFY, LT, LTFOODS, MAXHEALTH, NATIONALUM, NETWORK18, PIDILITIND, POWERGRID, RAIN, RAYMOND, RCOM, SBILIFE, SIEMENS, SJVN, SUNPHARMA, TCS, TECHM, TEXRAIL, TITAN, UPL, VEDL, WELCORP, WIPRO",38
2022-01-31,"ABFRL, ADANIPOWER, APOLLO, ASHOKLEY, AUBANK, AXISBANK, BANKBARODA, BDL, BEL, BHARTIARTL, BSE, CANBK, CENTRALBK, CHAMBLFERT, CHOLAFIN, COALINDIA, DELTACORP, EASEMYTRIP, FEDERALBNK, GMRINFRA, GNFC, GRASIM, GSFC, HAL, HINDALCO, ICICIBANK, INDHOTEL, INDIANB, IOB, IOC, IRCTC, LT, M&M, MANINFRA, MINDACORP, MOTHERSON, NATIONALUM, NTPC, OBEROIRLTY, ONGC, PIDILITIND, PNB, POWERGRID, PRAJIND, PRESTIGE, PVRINOX, RAYMOND, RCF, RCOM, RPOWER, RVNL, SBILIFE, SBIN, SHARDACROP, SJVN, SPARC, SUNPHARMA, TATACHEM, TATAMOTORS, TATAPOWER, TCS, TEXRAIL, TITAGARH, UNIONBANK, UPL, VBL, WELCORP",67
2022-02-28,"ADANIPOWER, BALAJITELE, BANKBARODA, BDL, BEL, CHOLAFIN, COALINDIA, EASEMYTRIP, FEDERALBNK, GNFC, GSFC, HAL, HINDALCO, INDHOTEL, NATIONALUM, NTPC, OBEROIRLTY, ONGC, POWERGRID, RAYMOND, SUNPHARMA, TITAN, VBL, VEDL, VOLTAS",25
2022-03-31,"ABFRL, ADANIENT, ADANIPOWER, AUBANK, BAJAJFINSV, BAJFINANCE, BANKBARODA, BDL, BEL, BHARTIARTL, BSE, BSOFT, CGPOWER, CHAMBLFERT, CHOLAFIN, COALINDIA, DELTACORP, DLF, EASEMYTRIP, GNFC, GRASIM, GSFC, GUJALKALI, HAL, HCLTECH, HFCL, HINDALCO, INDHOTEL, INDIANB, INDIGO, INFY, ITC, JINDALSTEL, MINDACORP, NATIONALUM, NETWORK18, NTPC, PIDILITIND, POWERGRID, PVRINOX, RAYMOND, RCF, RELIANCE, SUNPHARMA, TATACHEM, TATAPOWER, TATASTEEL, TCS, TECHM, TEXRAIL, TITAN, VBL, VEDL, VOLTAS, WELCORP, ZEEL",56
2022-04-29,"ABFRL, ADANIENT, ADANIGREEN, ADANIPORTS, ADANIPOWER, APOLLO, AUBANK, BANKBARODA, BDL, BEL, BHARTIARTL, BSE, CANBK, CESC, CGPOWER, CHAMBLFERT, CHOLAFIN, COALINDIA, EASEMYTRIP, GATEWAY, GNFC, GRASIM, GRSE, GSFC, GUJALKALI, HAL, ICICIBANK, IIFL, INDHOTEL, INDIANB, IOC, ITC, JINDALSTEL, JSWSTEEL, M&M, MAXHEALTH, MAZDOCK, MINDACORP, NHPC, NTPC, POWERGRID, PRAJIND, RAYMOND, RCF, RELIANCE, SBIN, SUNPHARMA, SWANENERGY, TATAPOWER, TEXRAIL, TITAGARH, TVSMOTOR, VBL, VEDL, VOLTAS, WELCORP",56
2022-05-31,"ADANIENT, ADANIPOWER, BANDHANBNK, BDL, BEL, CIPLA, COALINDIA, GMRINFRA, GSFC, HAL, INDIANB, ITC, M&M, NHPC, NTPC, POWERGRID, RAYMOND, RCF, RELIANCE, TATAELXSI, TATAMOTORS, TEXRAIL, TVSMOTOR, VBL, WELCORP",25
2022-06-30,"ADANIENT, ASHOKLEY, CGPOWER, EASEMYTRIP, HAL, ITC, M&M, TVSMOTOR, VBL, WELCORP",10
2022-07-29,"ADANIENT, ADANIGREEN, ADANIPOWER, AEGISLOG, APOLLO, ASHOKLEY, BANKBARODA, BDL, BEL, CANBK, CGPOWER, CHOLAFIN, DEVYANI, EASEMYTRIP, FEDERALBNK, GNFC, GSFC, HAL, ICICIBANK, INDHOTEL, INDIANB, ITC, KARURVYSYA, LTFOODS, M&M, NHPC, RAYMOND, SBIN, SUNPHARMA, TITAGARH, TVSMOTOR, VBL, WELCORP, YESBANK",34
2022-08-30,"ADANIENT, ADANIGREEN, ADANIPORTS, ADANIPOWER, AEGISLOG, ANANTRAJ, APOLLO, APOLLOTYRE, ASIANPAINT, BANKBARODA, BDL, BEL, CGPOWER, CHOLAFIN, CIPLA, COALINDIA, DEVYANI, EICHERMOT, FEDERALBNK, GNFC, GSFC, HAL, HINDUNILVR, ICICIBANK, INDHOTEL, INDIANB, ITC, JINDALSTEL, KARURVYSYA, LAURUSLABS, LTFOODS, M&M, MAXHEALTH, MAZDOCK, NAVNETEDUL, NHPC, NTPC, POWERGRID, RCF, RPOWER, SBILIFE, SIEMENS, SUNPHARMA, TATACHEM, TEXRAIL, TITAGARH, TRENT, TVSMOTOR, VBL, WELCORP, YESBANK",51
2022-09-30,"ABFRL, ADANIENT, ADANIPOWER, AMBUJACEM, ANANTRAJ, APOLLO, APOLLOTYRE, BANKBARODA, BDL, BEL, BHARTIARTL, CGPOWER, CIPLA, COCHINSHIP, CONCOR, DCBBANK, FEDERALBNK, GRSE, HAL, HINDUNILVR, ICICIBANK, IIFL, INDHOTEL, INDIANB, INDUSINDBK, ITC, JINDALSTEL, KARURVYSYA, LTFOODS, M&M, MAZDOCK, MIDHANI, RAYMOND, RPOWER, SUNPHARMA, TATACHEM, TEXRAIL, TITAN, TVSMOTOR, UJJIVANSFB, VBL, WELCORP",42
2022-10-31,"ABFRL, AEGISLOG, AMBUJACEM, ANANTRAJ, APOLLO, APOLLOTYRE, AXISBANK, BANKBARODA, BDL, BEL, BHARTIARTL, BHEL, CANBK, CGPOWER, CIPLA, COALINDIA, COCHINSHIP, CONCOR, DCBBANK, FEDERALBNK, GNFC, GRSE, HAL, ICICIBANK, IDFCFIRSTB, INDHOTEL, INDIANB, ITC, JINDALSTEL, JSWENERGY, KARURVYSYA, LTFOODS, M&M, MAXHEALTH, MAZDOCK, MIDHANI, NHPC, NTPC, PNB, POWERGRID, RAYMOND, RCF, RVNL, SBIN, SJVN, SOUTHBANK, SUNPHARMA, TATACHEM, TEXRAIL, TVSMOTOR, UJJIVANSFB, UNIONBANK",52
2022-11-30,"ABCAPITAL, ADANIENT, ADANIPORTS, AMBUJACEM, APOLLO, APOLLOTYRE, AXISBANK, BANKBARODA, BDL, BHARTIARTL, BHEL, CANBK, CENTRALBK, CGPOWER, CIPLA, COCHINSHIP, CONCOR, DCBBANK, DHANBANK, EASEMYTRIP, EXIDEIND, FEDERALBNK, GABRIEL, GRSE, HAL, HDFCBANK, HINDUNILVR, HUDCO, ICICIBANK, IDBI, IDFCFIRSTB, INDIANB, IRCON, IRFC, JINDALSTEL, JSWSTEEL, KARURVYSYA, LT, M&M, MAXHEALTH, MAZDOCK, MIDHANI, NESTLEIND, NHPC, NTPC, PFC, PNB, PSB, RAILTEL, RAYMOND, RCF, RECLTD, RELIANCE, RVNL, SBIN, SHRIRAMFIN, SJVN, SOUTHBANK, SUNPHARMA, TEXRAIL, TIINDIA, TITAN, UJJIVANSFB, UNIONBANK, VBL, WELCORP, YESBANK",67
2022-12-30,"ABCAPITAL, ADANIENT, AEGISLOG, ANANTRAJ, APOLLO, APOLLOTYRE, AUBANK, AXISBANK, BANKBARODA, BHEL, CANBK, CENTRALBK, CGPOWER, DCBBANK, DHANBANK, FEDERALBNK, HDFCBANK, HDFCLIFE, HIKAL, HUDCO, IDBI, IDFCFIRSTB, INDBANK, INDIANB, INDUSINDBK, IOB, IRCON, IRFC, JINDALSTEL, JSWSTEEL, KARURVYSYA, LICHSGFIN, LT, MAXHEALTH, NFL, NIACL, PFC, PNB, PNBHOUSING, PSB, RAYMOND, RBLBANK, RCF, RECLTD, RVNL, SBIN, SHRIRAMFIN, SOUTHBANK, SURYODAY, TEXRAIL, TVSMOTOR, UJJIVANSFB, UNIONBANK, VBL, YESBANK",55
2023-01-31,"ANANTRAJ, APOLLO, APOLLOTYRE, ASHOKLEY, CGPOWER, COALINDIA, GODREJCP, INDIANB, IRFC, ITC, KARURVYSYA, M&M, MAXHEALTH, MFSL, NFL, NHPC, NTPC, PNBHOUSING, RAYMOND, RECLTD, RVNL, SUNPHARMA, SWANENERGY, TVSMOTOR, ZYDUSLIFE",25
2023-02-28,"ABCAPITAL, BDL, CGPOWER, CHOLAFIN, COFORGE, GLENMARK, HAL, ITC, NTPC, PETRONET, SONATSOFTW, TORNTPOWER, TVSMOTOR, VBL, ZYDUSLIFE",15
2023-03-31,"ABCAPITAL, ANANTRAJ, APOLLOTYRE, BANKBARODA, BDL, BEL, BPCL, CHOLAFIN, COCHINSHIP, DRREDDY, FEDERALBNK, FINCABLES, GAIL, GLENMARK, GMRINFRA, GODREJCP, HAL, HINDUNILVR, ICICIBANK, INDHOTEL, INDIANB, IRCON, ITC, KARURVYSYA, MANAPPURAM, NBCC, NESTLEIND, NFL, NTPC, PAYTM, PFC, POLICYBZR, RVNL, SJVN, SONATSOFTW, TITAGARH, VBL",37
2023-04-28,"ABCAPITAL, ANANTRAJ, APOLLOTYRE, AUBANK, AUROPHARMA, AXISBANK, BANKBARODA, BDL, BEL, BHARTIARTL, BHEL, BPCL, CANBK, CENTRALBK, CGPOWER, CHOLAFIN, COALINDIA, COCHINSHIP, COFORGE, DELTACORP, DHANBANK, DLF, DRREDDY, ETERNAL, EXIDEIND, FEDERALBNK, GAIL, GLENMARK, GMRINFRA, GSFC, HAL, HDFCBANK, HINDALCO, HINDZINC, HUDCO, ICICIBANK, IDBI, IDFCFIRSTB, INDHOTEL, INDIANB, INDUSINDBK, IOB, IOC, IRCON, IRFC, ITC, JINDALSTEL, JSWSTEEL, KOTAKBANK, LT, LTFOODS, LUPIN, MANAPPURAM, MAXHEALTH, MAZDOCK, MINDACORP, NATIONALUM, NBCC, NESTLEIND, NFL, NHPC, ONGC, PFC, PNB, POWERGRID, PSB, PTC, RAILTEL, RAYMOND, RBLBANK, RCF, RECLTD, RVNL, SBIN, SJVN, SONATSOFTW, SUNPHARMA, TATAMOTORS, TATASTEEL, TEXRAIL, TITAGARH, TVSMOTOR, UJJIVANSFB, UNIONBANK, UPL, VBL",86
2023-05-31,"ABCAPITAL, ANANTRAJ, APOLLO, APOLLOTYRE, AUBANK, AUROPHARMA, AXISBANK, BANKBARODA, BDL, BEL, BHARTIARTL, BHEL, BPCL, CANBK, CENTRALBK, CGPOWER, CHOLAFIN, COALINDIA, COFORGE, DCBBANK, DELTACORP, DHANBANK, DLF, ETERNAL, EXIDEIND, GLENMARK, GODREJCP, HAL, HCLTECH, HDFCLIFE, HUDCO, ICICIBANK, IDBI, IDFCFIRSTB, INDHOTEL, INDUSINDBK, IOB, IOC, IRCON, IRFC, ITC, KARURVYSYA, KEC, KOTAKBANK, LTFOODS, LUPIN, MANINFRA, MAXHEALTH, MAZDOCK, NATIONALUM, NBCC, NESTLEIND, NHPC, NIACL, PFC, PNB, PSB, PTC, RAILTEL, RBLBANK, RECLTD, RVNL, SBIN, SIEMENS, SJVN, SONATSOFTW, SOUTHBANK, SURYODAY, TATAMOTORS, TEXRAIL, TVSMOTOR, UJJIVANSFB, UNIONBANK, VBL",74
2023-06-30,"ABCAPITAL, ANANTRAJ, APOLLO, APOLLOTYRE, AUBANK, AUROPHARMA, AXISBANK, BANKBARODA, BDL, BEL, BHARTIARTL, BHEL, BSOFT, CENTRALBK, CGPOWER, CHOLAFIN, COCHINSHIP, COFORGE, DELTACORP, DHANBANK, DLF, DRREDDY, ETERNAL, EXIDEIND, GLENMARK, GRSE, HAL, HCLTECH, HDFCAMC, HDFCBANK, HDFCLIFE, HUDCO, IDBI, IDFCFIRSTB, IIFL, INDHOTEL, INDIANB, INDUSINDBK, IOC, IRCON, IRFC, ITC, JINDALSTEL, JSWSTEEL, KARURVYSYA, LODHA, LT, LTFOODS, LUPIN, M&M, MANAPPURAM, MANINFRA, MAXHEALTH, MAZDOCK, MIDHANI, MINDACORP, NAZARA, NESTLEIND, NHPC, NTPC, PAYTM, PFC, PNB, POLICYBZR, POWERGRID, PTC, RAILTEL, RAYMOND, RBLBANK, RECLTD, RVNL, SHRIRAMFIN, SJVN, SOUTHBANK, SUNPHARMA, TATACOMM, TATAMOTORS, TEXRAIL, TITAGARH, UJJIVANSFB, UNIONBANK, VBL, ZYDUSLIFE",83
2023-07-31,"ABCAPITAL, AEGISLOG, APOLLO, APOLLOTYRE, ASHOKLEY, AUROPHARMA, BANKBARODA, BDL, BEL, BHARTIARTL, BHEL, BPCL, BSE, BSOFT, CANBK, CASTROLIND, CENTRALBK, CGPOWER, CHOLAFIN, COCHINSHIP, COFORGE, DABUR, DCBBANK, DHANBANK, DLF, DRREDDY, ETERNAL, EXIDEIND, FEDERALBNK, GAIL, GLENMARK, GMRINFRA, GRAPHITE, GRSE, GSFC, HAL, HDFCBANK, HDFCLIFE, HINDALCO, HINDZINC, HUDCO, ICICIBANK, ICICIPRULI, IDBI, IDFCFIRSTB, INDHOTEL, INDIANB, INDUSINDBK, INTELLECT, IOB, IOC, IRCON, IRFC, ITC, JINDALSTEL, JSWSTEEL, KARURVYSYA, LODHA, LT, LTFOODS, M&M, MANAPPURAM, MANINFRA, MARICO, MAXHEALTH, MAZDOCK, MIDHANI, MINDACORP, MOTHERSON, NATIONALUM, NBCC, NESTLEIND, NEWGEN, NFL, NHPC, NMDC, NTPC, ONGC, PETRONET, PFC, PNB, POLICYBZR, POLYCAB, POWERGRID, PRESTIGE, PSB, PTC, RAILTEL, RAYMOND, RBLBANK, RCF, RECLTD, RELIANCE, RVNL, SAIL, SBIN, SHRIRAMFIN, SJVN, SONACOMS, SOUTHBANK, SUNPHARMA, TATACOMM, TATAMOTORS, TATASTEEL, TCS, TEXRAIL, TITAGARH, TITAN, TVSMOTOR, UJJIVANSFB, UNIONBANK, WELCORP",112
2023-08-31,"ANANTRAJ, ASHOKLEY, ASTRAL, AUROPHARMA, AXISBANK, BEL, BERGEPAINT, BHEL, BSE, BSOFT, CASTROLIND, CENTRALBK, CESC, CGPOWER, CHOLAFIN, CIPLA, COCHINSHIP, COFORGE, DELHIVERY, DEVYANI, DHANBANK, DLF, DRREDDY, ETERNAL, EXIDEIND, GABRIEL, GAIL, GATEWAY, GMRINFRA, GRAPHITE, GRSE, GSFC, HAL, HDFCAMC, HUDCO, IDBI, IDFCFIRSTB, INDHOTEL, INDIANB, IOB, IRCON, IRFC, JINDALSTEL, JSWENERGY, LICHSGFIN, LT, LTFOODS, LUPIN, M&M, MANAPPURAM, MANINFRA, MARICO, MAXHEALTH, MAZDOCK, MFSL, MIDHANI, MINDACORP, MOTHERSON, NATIONALUM, NAZARA, NBCC, NHPC, NIACL, NMDC, NTPC, ONGC, PARADEEP, PAYTM, PFC, PNB, POLICYBZR, PRAJIND, PSB, PTC, RAILTEL, RBLBANK, RCF, RECLTD, RPOWER, RVNL, SHRIRAMFIN, SJVN, SONACOMS, SOUTHBANK, SUNPHARMA, SUPREMEIND, SWANENERGY, TATACOMM, TATASTEEL, TECHM, TEXRAIL, TITAGARH, TRENT, TVSMOTOR, UJJIVANSFB, UNIONBANK, VBL, WELCORP, ZYDUSLIFE",99
2023-09-29,"ADANIPOWER, ANANTRAJ, APOLLO, AUROPHARMA, AXISBANK, BAJFINANCE, BANKBARODA, BEL, BHARTIARTL, BHEL, BSE, BSOFT, CANBK, CENTRALBK, CESC, CGPOWER, CHOLAFIN, COALINDIA, COCHINSHIP, DEVYANI, DHANBANK, DLF, ETERNAL, FEDERALBNK, GAIL, GLENMARK, GMRINFRA, GRAPHITE, GRSE, GSFC, HCLTECH, HUDCO, ICICIPRULI, IDBI, IDFCFIRSTB, INDBANK, INDHOTEL, INDIANB, INDUSINDBK, IOB, IRCON, IRFC, JINDALSTEL, JSWENERGY, KARURVYSYA, LICHSGFIN, LODHA, LT, LUPIN, M&M, MANAPPURAM, MANINFRA, MAZDOCK, MIDHANI, NATIONALUM, NAZARA, NBCC, NESTLEIND, NFL, NHPC, NIACL, NMDC, NTPC, ONGC, PARADEEP, PAYTM, PETRONET, PFC, PNB, POWERGRID, PRAJIND, PSB, PTC, RAILTEL, RBLBANK, RECLTD, RPOWER, RVNL, SAIL, SHRIRAMFIN, SJVN, SOBHA, SONACOMS, SOUTHBANK, SUNPHARMA, TATAMOTORS, TATAPOWER, TATASTEEL, TECHM, TEXRAIL, TITAGARH, TVSMOTOR, UJJIVANSFB, UNIONBANK, VBL, WELCORP",96
2023-10-31,"ADANIPOWER, ANANTRAJ, APOLLO, APOLLOTYRE, BAJAJFINSV, BHARTIARTL, BSE, BSOFT, CANBK, COALINDIA, DHANBANK, DLF, ETERNAL, GNFC, GSFC, HCLTECH, INDIANB, INDUSINDBK, IOB, IRCON, IRFC, KARURVYSYA, LICHSGFIN, LODHA, LT, MAXHEALTH, NBCC, NESTLEIND, NIACL, NMDC, NTPC, ONGC, PAYTM, PFC, PNB, POWERGRID, PRESTIGE, PTC, RAILTEL, RECLTD, SBILIFE, SJVN, SOBHA, SWANENERGY, TATAMOTORS, UNIONBANK, WELCORP",47
2023-11-30,"ADANIENT, ADANIGREEN, ADANIPORTS, ADANIPOWER, AMBUJACEM, ANANTRAJ, APLAPOLLO, APOLLO, APOLLOTYRE, ASHOKLEY, AUBANK, AUROPHARMA, AXISBANK, BAJAJFINSV, BDL, BEL, BHARTIARTL, BHEL, BPCL, BSE, BSOFT, CANBK, CASTROLIND, CESC, CGPOWER, CHAMBLFERT, CIPLA, COALINDIA, COCHINSHIP, COFORGE, CONCOR, DLF, DRREDDY, ETERNAL, EXIDEIND, FEDERALBNK, GABRIEL, GAIL, GATEWAY, GMRINFRA, GNFC, GSFC, HAL, HCLTECH, HDFCLIFE, HINDALCO, HUDCO, ICICIPRULI, INDHOTEL, INDUSINDBK, IOC, IRCON, IRCTC, JINDALSTEL, JSWENERGY, JSWSTEEL, JUBLFOOD, KARURVYSYA, LAURUSLABS, LICHSGFIN, LICI, LODHA, LT, LTFOODS, LUPIN, M&M, MANAPPURAM, MANINFRA, MAXHEALTH, MINDACORP, NBCC, NESTLEIND, NETWORK18, NFL, NHPC, NIACL, NITCO, NMDC, NTPC, NYKAA, OBEROIRLTY, ONGC, PERSISTENT, PFC, PNB, POLICYBZR, POWERGRID, PRAJIND, PRESTIGE, PTC, RAILTEL, RCF, RECLTD, RELIANCE, RPOWER, RVNL, SAIL, SHRIRAMFIN, SJVN, SPARC, SUNPHARMA, SWANENERGY, TATAMOTORS, TATAPOWER, TATASTEEL, TECHM, TEXRAIL, TITAGARH, UJJIVANSFB, UNIONBANK, VBL, WELCORP, YESBANK, ZYDUSLIFE",114
2023-12-29,"ADANIENSOL, ADANIENT, ADANIGREEN, ADANIPORTS, ADANIPOWER, ADANITRANS, AMBUJACEM, ANANTRAJ, APOLLOTYRE, ASHOKLEY, AUBANK, AUROPHARMA, AXISBANK, BAJAJFINSV, BALAJITELE, BANKBARODA, BDL, BEL, BERGEPAINT, BHARTIARTL, BHEL, BIOCON, BPCL, BSE, BSOFT, CANBK, CANFINHOME, CASTROLIND, CENTRALBK, CESC, CGPOWER, CHAMBLFERT, CHOLAFIN, CIPLA, COALINDIA, COCHINSHIP, COFORGE, CONCOR, DCBBANK, DEVYANI, DHANBANK, DLF, DRREDDY, ETERNAL, EXIDEIND, FEDERALBNK, GAIL, GLENMARK, GMRINFRA, GNFC, GODREJCP, GRAPHITE, GREENPLY, GRSE, GSFC, HAL, HCLTECH, HFCL, HINDALCO, HUDCO, ICICIBANK, ICICIPRULI, IDBI, IDFCFIRSTB, INDHOTEL, INDUSINDBK, INDUSTOWER, IOB, IOC, IRCON, IRCTC, IRFC, ITC, JINDALSTEL, JSWENERGY, JSWSTEEL, JUBLFOOD, KARURVYSYA, KOTAKBANK, LAURUSLABS, LICHSGFIN, LICI, LT, LTFOODS, LUPIN, M&M, MANAPPURAM, MANINFRA, MARICO, MAXHEALTH, MAZDOCK, MIDHANI, MOTHERSON, NATIONALUM, NAZARA, NBCC, NESTLEIND, NETWORK18, NFL, NHPC, NIACL, NMDC, NTPC, NYKAA, ONGC, PARADEEP, PFC, PNB, POLICYBZR, POWERGRID, PRESTIGE, PSB, PTC, RAILTEL, RBLBANK, RCF, RECLTD, RELIANCE, RPOWER, RVNL, SAIL, SBILIFE, SBIN, SHRIRAMFIN, SJVN, SONACOMS, SONATSOFTW, SOUTHBANK, SPARC, SUNPHARMA, SWANENERGY, TATACHEM, TATAMOTORS, TATAPOWER, TATASTEEL, TCS, TECHM, TEXRAIL, TITAGARH, UJJIVANSFB, UNIONBANK, VBL, VOLTAS, WIPRO, YESBANK, ZEEL, ZYDUSLIFE",147
2024-01-31,"ABFRL, ADANIENT, ADANIGREEN, ADANIPORTS, ADANIPOWER, AMBUJACEM, ANANTRAJ, APOLLOTYRE, ASHOKLEY, AUROPHARMA, BALAJITELE, BANKBARODA, BDL, BEL, BHARTIARTL, BHEL, BIOCON, BPCL, BSE, BSOFT, CANBK, CASTROLIND, CENTRALBK, CESC, CGPOWER, CHAMBLFERT, CIPLA, COALINDIA, COCHINSHIP, COFORGE, CONCOR, DCBBANK, DELHIVERY, DHANBANK, DLF, DRREDDY, ETERNAL, EXIDEIND, GAIL, GATEWAY, GMRINFRA, GNFC, GODREJCP, GRAPHITE, GRSE, GSFC, HAL, HCLTECH, HFCL, HINDALCO, HUDCO, ICICIBANK, IDBI, IIFL, INDBANK, INDHOTEL, INDIANB, INDUSTOWER, INFY, IOB, IOC, IRCON, IRCTC, IRFC, JINDALSTEL, JSWENERGY, KARURVYSYA, LICHSGFIN, LICI, LODHA, LT, M&M, MANAPPURAM, MANINFRA, MAXHEALTH, MAZDOCK, MIDHANI, MOTHERSON, NATIONALUM, NAZARA, NBCC, NETWORK18, NFL, NHPC, NIACL, NMDC, NTPC, ONGC, PARADEEP, PETRONET, PFC, PHOENIXLTD, PNB, POLICYBZR, POWERGRID, PRESTIGE, PSB, PTC, RAILTEL, RAIN, RAYMOND, RCF, RECLTD, RELIANCE, RPOWER, RVNL, SAIL, SBIN, SHRIRAMFIN, SJVN, SOBHA, SONACOMS, SOUTHBANK, SPARC, SUNPHARMA, SURYODAY, SWANENERGY, SYNGENE, TATACOMM, TATAMOTORS, TATAPOWER, TATASTEEL, TCS, TECHM, TEXRAIL, TITAGARH, TVSMOTOR, UNIONBANK, VBL, VOLTAS, WELCORP, WIPRO, YESBANK, ZYDUSLIFE",134
2024-02-29,"ABCAPITAL, ADANIENT, ADANIGREEN, ADANIPORTS, ADANIPOWER, AEGISLOG, AMBUJACEM, ANANTRAJ, APOLLO, APOLLOTYRE, BALAJITELE, BANKBARODA, BDL, BEL, BERGEPAINT, BHARTIARTL, BHEL, BIOCON, BPCL, BSE, CANBK, CASTROLIND, CENTRALBK, CIPLA, COALINDIA, COCHINSHIP, COFORGE, CONCOR, DELHIVERY, DHANBANK, DLF, DRREDDY, EIDPARRY, ETERNAL, GAIL, GLENMARK, GMRINFRA, GRAPHITE, GRASIM, HAL, HAVELLS, HCLTECH, HFCL, HUDCO, ICICIBANK, IDBI, INDHOTEL, INDIANB, INDUSTOWER, INFY, IOB, IOC, IRCON, IRFC, JINDALSTEL, JSWENERGY, KARURVYSYA, LAURUSLABS, LICHSGFIN, LICI, LODHA, LT, LUPIN, M&M, MAXHEALTH, MFSL, MOTHERSON, NATCOPHARM, NATIONALUM, NBCC, NESTLEIND, NHPC, NIACL, NMDC, NTPC, ONGC, PETRONET, PHOENIXLTD, PNB, POLICYBZR, POWERGRID, PSB, RAILTEL, RAIN, RAYMOND, RELIANCE, RVNL, SBILIFE, SBIN, SHRIRAMFIN, SJVN, SONACOMS, SOUTHBANK, SUNPHARMA, SURYODAY, SWANENERGY, TATAMOTORS, TATAPOWER, TATASTEEL, TCS, TEXRAIL, TORNTPOWER, TRENT, UNIONBANK, VBL, VGUARD, VOLTAS, WIPRO, ZYDUSLIFE",109
2024-03-28,"ADANIENT, ADANIPORTS, AEGISLOG, AMBUJACEM, AUROPHARMA, BAJAJFINSV, BANKBARODA, BDL, BEL, BHARTIARTL, BHEL, BPCL, BSE, CANBK, CGPOWER, CHOLAFIN, CIPLA, COALINDIA, COCHINSHIP, DLF, ETERNAL, FEDERALBNK, GAIL, GLENMARK, GRAPHITE, HAL, HDFCLIFE, HINDALCO, HUDCO, ICICIBANK, ICICIPRULI, INDHOTEL, INDIANB, INDIGO, INDUSINDBK, INDUSTOWER, INTELLECT, IOC, JINDALSTEL, JSWENERGY, JSWSTEEL, KARURVYSYA, LODHA, LT, LTFOODS, M&M, MANKIND, MAXHEALTH, MFSL, MOTHERSON, MUTHOOTFIN, NATIONALUM, NESTLEIND, NHPC, NTPC, NYKAA, ONGC, PHOENIXLTD, PIDILITIND, PNB, POLICYBZR, POWERGRID, PRAJIND, RELIANCE, RPOWER, SAIL, SAPPHIRE, SBILIFE, SBIN, SONACOMS, SUNPHARMA, SWANENERGY, TATACHEM, TATAMOTORS, TATAPOWER, TATASTEEL, TORNTPOWER, TVSMOTOR, UNIONBANK, VBL, VOLTAS, ZYDUSLIFE",82
2024-04-30,"ABCAPITAL, ABFRL, ADANIENSOL, ADANIPORTS, ADANIPOWER, ADANITRANS, AEGISLOG, AMBUJACEM, ANANTRAJ, APOLLOTYRE, ASHOKLEY, AUROPHARMA, AXISBANK, BANKBARODA, BDL, BEL, BHARTIARTL, BHEL, BIOCON, BSE, CANBK, CASTROLIND, CENTRALBK, CESC, CGPOWER, CHAMBLFERT, COALINDIA, COCHINSHIP, CONCOR, CROMPTON, DCBBANK, DLF, EASEMYTRIP, ETERNAL, EXIDEIND, FEDERALBNK, GAIL, GATEWAY, GMRINFRA, GNFC, GRAPHITE, GRSE, GSFC, HAL, HAVELLS, HFCL, HINDALCO, HINDZINC, HUDCO, ICICIBANK, IDBI, INDIANB, INDIGO, INDUSINDBK, INDUSTOWER, IOB, IRCON, IRCTC, IRFC, JINDALSTEL, JSWENERGY, JSWSTEEL, JUSTDIAL, KARURVYSYA, KEC, LAURUSLABS, LICHSGFIN, LT, LTFOODS, LUPIN, M&M, MANAPPURAM, MAXHEALTH, MAZDOCK, MFSL, MIDHANI, MOTHERSON, NATIONALUM, NBCC, NFL, NHPC, NIACL, NMDC, NTPC, NYKAA, ONGC, PETRONET, PFC, PNB, PNBHOUSING, POLICYBZR, POWERGRID, PSB, PTC, RAILTEL, RAYMOND, RBLBANK, RCF, RECLTD, RPOWER, RVNL, SAIL, SBIN, SHRIRAMFIN, SJVN, SOUTHBANK, SURYODAY, TATAMOTORS, TATAPOWER, TATASTEEL, TEXRAIL, TORNTPOWER, TRENT, UJJIVANSFB, UNIONBANK, VBL, VEDL, VOLTAS, YESBANK",119
2024-05-31,"ABCAPITAL, ABFRL, ADANIENSOL, ADANIENT, ADANIGREEN, ADANIPORTS, ADANIPOWER, ADANITRANS, AEGISLOG, AMBUJACEM, ANANTRAJ, ASHOKLEY, AUROPHARMA, AXISBANK, BANKBARODA, BDL, BEL, BHARTIARTL, BHEL, BIOCON, BPCL, CANBK, CENTRALBK, CESC, CGPOWER, CHAMBLFERT, CHOLAFIN, CIPLA, COALINDIA, COCHINSHIP, CONCOR, CROMPTON, DCBBANK, EXIDEIND, FEDERALBNK, FINCABLES, GAIL, GLENMARK, GMRINFRA, GODREJCP, GODREJPROP, GRSE, HAL, HAVELLS, HFCL, HINDALCO, HINDZINC, HUDCO, ICICIBANK, IDBI, INDIANB, INDIGO, INDUSTOWER, IOB, IRCON, IRCTC, IRFC, JINDALSTEL, JSWENERGY, KARURVYSYA, LICI, LODHA, LT, M&M, MAZDOCK, MIDHANI, MOTHERSON, NATIONALUM, NBCC, NFL, NHPC, NMDC, NTPC, OBEROIRLTY, PETRONET, PFC, PHOENIXLTD, PIDILITIND, PNB, POLICYBZR, POWERGRID, PRESTIGE, PSB, RAILTEL, RCF, RECLTD, RVNL, SAIL, SBIN, SIEMENS, SJVN, SONACOMS, TATAPOWER, TATASTEEL, TEXRAIL, TITAGARH, TORNTPOWER, TVSMOTOR, UNIONBANK, VEDL, VGUARD, VOLTAS, ZYDUSLIFE",103
2024-06-28,"ABCAPITAL, ABFRL, ADANIENT, ADANIPORTS, ADANIPOWER, AEGISLOG, AMBUJACEM, ANANTRAJ, APOLLOTYRE, ASHOKLEY, AUROPHARMA, AXISBANK, BANKBARODA, BDL, BEL, BEML, BHARTIARTL, BHEL, BIOCON, BSOFT, CANBK, CANFINHOME, CASTROLIND, CESC, CGPOWER, CHAMBLFERT, CHOLAFIN, CIPLA, COALINDIA, COCHINSHIP, CROMPTON, CUMMINSIND, DCBBANK, DRREDDY, EIDPARRY, ETERNAL, EXIDEIND, FEDERALBNK, GABRIEL, GAIL, GMRINFRA, GNFC, GODREJCP, GRASIM, GRSE, GSFC, HAL, HAVELLS, HCLTECH, HFCL, HINDALCO, HINDZINC, HUDCO, ICICIBANK, ICICIGI, ICICIPRULI, INDHOTEL, INDIANB, INDIGO, INDUSTOWER, IRCON, IRFC, JINDALSTEL, JSWENERGY, JSWSTEEL, KARURVYSYA, KEC, LICHSGFIN, LODHA, LT, LTFOODS, LUPIN, M&M, MANAPPURAM, MAXHEALTH, MAZDOCK, MIDHANI, MINDACORP, MOTHERSON, NATCOPHARM, NATIONALUM, NBCC, NESTLEIND, NFL, NHPC, NIACL, NTPC, NYKAA, ONGC, PARADEEP, PETRONET, PFC, PHOENIXLTD, PNBHOUSING, POLICYBZR, POWERGRID, PRAJIND, PRESTIGE, RAILTEL, RAYMOND, RBLBANK, RCF, RECLTD, RELIANCE, RPOWER, RVNL, SBILIFE, SBIN, SHRIRAMFIN, SIEMENS, SONACOMS, SUNPHARMA, TATAMOTORS, TATAPOWER, TATASTEEL, TCS, TECHM, TEXRAIL, TITAGARH, TORNTPOWER, TVSMOTOR, VBL, VEDL, VOLTAS, WIPRO, ZYDUSLIFE",126
2024-07-31,"ABFRL, ADANIENSOL, ADANIGREEN, ADANIPORTS, ADANIPOWER, ADANITRANS, AMBUJACEM, ANANTRAJ, APOLLO, APOLLOTYRE, ASHOKLEY, AUROPHARMA, BEL, BEML, BHARTIARTL, BHEL, BIOCON, BPCL, BSE, CASTROLIND, CESC, CGPOWER, CHAMBLFERT, CHOLAFIN, CIPLA, COALINDIA, COCHINSHIP, COFORGE, CROMPTON, DABUR, DHANBANK, DLF, DRREDDY, ETERNAL, FEDERALBNK, GAIL, GATEWAY, GMRINFRA, GNFC, GODREJCP, GRSE, GSFC, HCLTECH, HDFCLIFE, HFCL, HINDUNILVR, HUDCO, ICICIBANK, ICICIPRULI, IDBI, INDHOTEL, INDIANB, INDUSTOWER, INFY, IOB, IOC, IRCON, IRFC, ITC, JSWENERGY, JSWSTEEL, JUBLFOOD, JUSTDIAL, KARURVYSYA, KEC, LAURUSLABS, LICHSGFIN, LICI, LT, LTFOODS, LUPIN, M&M, MANAPPURAM, MANINFRA, MARICO, MAXHEALTH, MAZDOCK, MIDHANI, MOTHERSON, MPHASIS, NATCOPHARM, NATIONALUM, NBCC, NETWORK18, NFL, NHPC, NIACL, NTPC, NYKAA, OBEROIRLTY, ONGC, PARADEEP, PETRONET, PFC, PNB, PNBHOUSING, POWERGRID, PRESTIGE, PSB, PTC, RAILTEL, RAYMOND, RCF, RECLTD, RELIANCE, RPOWER, RVNL, SAIL, SBILIFE, SBIN, SHRIRAMFIN, SJVN, SONACOMS, SONATSOFTW, SUNPHARMA, SWANENERGY, TATACHEM, TATAMOTORS, TATAPOWER, TCS, TECHM, TEXRAIL, TITAGARH, TORNTPOWER, VBL, VOLTAS, WELCORP, WIPRO, YESBANK, ZYDUSLIFE",130
2024-08-30,"ADANIGREEN, ANANTRAJ, ASHOKLEY, AUROPHARMA, BAJAJFINSV, BHARTIARTL, BIOCON, BPCL, BSE, CASTROLIND, CESC, CHAMBLFERT, CHOLAFIN, CIPLA, COALINDIA, COFORGE, CROMPTON, DABUR, DLF, DRREDDY, ETERNAL, FEDERALBNK, GAIL, GLENMARK, GODREJCP, GRASIM, HCLTECH, HDFCLIFE, HFCL, HINDALCO, HINDUNILVR, ICICIBANK, ICICIPRULI, IDBI, INDHOTEL, INDIANB, INDIGO, INDUSTOWER, INFY, IOC, ITC, JSWENERGY, JSWSTEEL, JUBLFOOD, KARURVYSYA, KEC, LAURUSLABS, LT, LTFOODS, LUPIN, M&M, MANAPPURAM, MFSL, MINDACORP, MOTHERSON, NATCOPHARM, NAZARA, NBCC, NETWORK18, NIACL, NTPC, NYKAA, ONGC, PETRONET, PFC, PNBHOUSING, POLICYBZR, PRAJIND, PRESTIGE, RAIN, RAYMOND, RECLTD, RPOWER, RVNL, SAPPHIRE, SBILIFE, SHRIRAMFIN, SONACOMS, STARHEALTH, SUNPHARMA, TATAMOTORS, TATAPOWER, TCS, TECHM, TITAN, TRENT, TVSMOTOR, UPL, VEDL, VOLTAS, WELCORP, WIPRO",92
2024-09-30,"ABCAPITAL, ABFRL, ADANIENT, ADANIGREEN, ANANTRAJ, APOLLOTYRE, AXISBANK, BAJAJFINSV, BERGEPAINT, BHARTIARTL, BIOCON, BPCL, BSE, CANBK, CESC, CGPOWER, CHAMBLFERT, CHOLAFIN, CIPLA, COALINDIA, COFORGE, DELHIVERY, DLF, ETERNAL, EXIDEIND, FEDERALBNK, GAIL, GLENMARK, GRAPHITE, HCLTECH, HFCL, HIKAL, HINDALCO, HINDUNILVR, ICICIBANK, ICICIPRULI, INDHOTEL, INDIGO, INFY, IOC, ITC, JINDALSTEL, JIOFIN, JSWENERGY, JSWSTEEL, JUBLFOOD, KEC, LAURUSLABS, LT, LTFOODS, LUPIN, M&M, MARICO, MAXHEALTH, MFSL, MINDACORP, MOTHERSON, NATIONALUM, NAZARA, NBCC, NMDC, NTPC, PNBHOUSING, POWERGRID, PRAJIND, PRESTIGE, RAIN, RCOM, RPOWER, SAIL, SAPPHIRE, SAREGAMA, SBILIFE, SHRIRAMFIN, SIGNATURE, SONACOMS, STARHEALTH, SUNPHARMA, SYNGENE, TATAPOWER, TATASTEEL, TORNTPOWER, TRENT, VEDL, VOLTAS, WIPRO",86
2024-10-31,"AMBER, ANANTRAJ, BSE, COFORGE, FEDERALBNK, HINDZINC, ICICIBANK, INDIANB, KARURVYSYA, LAURUSLABS, MAXHEALTH, MFSL, NATIONALUM, NITCO, OBEROIRLTY, PARADEEP, PAYTM, RPOWER, SBIN, TEXRAIL, WIPRO",21
2024-11-29,"ASHOKLEY, BEL, BIOCON, BSE, CHAMBLFERT, COFORGE, ETERNAL, FEDERALBNK, HAL, HCLTECH, HDFCBANK, ICICIBANK, INDHOTEL, JUBLFOOD, KARURVYSYA, KEC, LAURUSLABS, LT, M&M, MAZDOCK, NATIONALUM, NAZARA, NFL, OBEROIRLTY, PARADEEP, PAYTM, POLICYBZR, PRAJIND, RCF, SBIN, TECHM, UPL, VBL, WIPRO",34
2024-12-31,"AEGISLOG, ANANTRAJ, AUROPHARMA, BIOCON, BSE, CESC, COFORGE, DEVYANI, DRREDDY, ETERNAL, FIVESTAR, HCLTECH, INDHOTEL, IREDA, ITC, JUBLFOOD, KEC, LAURUSLABS, LODHA, LUPIN, M&M, MANAPPURAM, MANINFRA, MARICO, MAXHEALTH, MAZDOCK, NAZARA, OBEROIRLTY, PARADEEP, PAYTM, PETRONET, POLICYBZR, RAYMOND, RCF, RPOWER, SUNPHARMA, VBL, VOLTAS, WIPRO",39
